item,user,user_name,item_name,LLM_rating,LLM_interaction_HTML,rating,should_be,TMDB_id
900,102,User_102,Movie_900,8.0,,8.0,>=9,302268
64,435,User_435,Movie_64,7.0,,7.0,>=9,195057
12,270,User_270,Movie_12,7.0,,7.0,>=9,138409
212,106,User_106,Movie_212,6.0,,6.0,>=9,346889
985,71,User_71,Movie_985,1.0,,1.0,>=9,527686
241,20,User_20,Movie_241,2.0,,2.0,>=9,249457
492,121,User_121,Movie_492,5.0,,5.0,>=9,516512
212,466,User_466,Movie_212,3.0,,3.0,>=9,423860
692,214,User_214,Movie_692,7.0,,7.0,>=9,975584
337,330,User_330,Movie_337,4.0,,4.0,>=9,126382
996,458,User_458,Movie_996,8.0,,8.0,>=9,176675
172,87,User_87,Movie_172,1.0,,1.0,>=9,646707
671,372,User_372,Movie_671,3.0,,3.0,>=9,181238
163,99,User_99,Movie_163,7.0,,7.0,>=9,325825
464,130,User_130,Movie_464,1.0,,1.0,>=9,794651
994,308,User_308,Movie_994,8.0,,8.0,>=9,374541
496,343,User_343,Movie_496,8.0,,8.0,>=9,420032
699,491,User_491,Movie_699,10.0,,10.0,>=9,135169
394,413,User_413,Movie_394,10.0,,10.0,>=9,686470
702,385,User_385,Movie_702,8.0,,8.0,>=9,978908
916,191,User_191,Movie_916,8.0,,8.0,>=9,928681
307,276,User_276,Movie_307,3.0,,3.0,>=9,259413
767,160,User_160,Movie_767,7.0,,7.0,>=9,962035
182,459,User_459,Movie_182,5.0,,5.0,>=9,277216
628,313,User_313,Movie_628,5.0,,5.0,>=9,554988
793,21,User_21,Movie_793,3.0,,3.0,>=9,179360
509,252,User_252,Movie_509,3.0,,3.0,>=9,637732
707,560,User_560,Movie_707,10.0,,10.0,>=9,538863
545,474,User_474,Movie_545,5.0,,5.0,>=9,223662
563,58,User_58,Movie_563,6.0,,6.0,>=9,869776
623,510,User_510,Movie_623,7.0,,7.0,>=9,198843
763,475,User_475,Movie_763,7.0,,7.0,>=9,897406
593,189,User_189,Movie_593,8.0,,8.0,>=9,736438
743,562,User_562,Movie_743,7.0,,7.0,>=9,531599
226,566,User_566,Movie_226,9.0,,9.0,>=9,880908
744,243,User_243,Movie_744,7.0,,7.0,>=9,719114
732,504,User_504,Movie_732,9.0,,9.0,>=9,574768
435,130,User_130,Movie_435,7.0,,7.0,>=9,984080
924,484,User_484,Movie_924,6.0,,6.0,>=9,325121
421,20,User_20,Movie_421,10.0,,10.0,>=9,922922
553,166,User_166,Movie_553,7.0,,7.0,>=9,865723
20,273,User_273,Movie_20,9.0,,9.0,>=9,749001
553,387,User_387,Movie_553,8.0,,8.0,>=9,155612
396,315,User_315,Movie_396,4.0,,4.0,>=9,724762
624,13,User_13,Movie_624,6.0,,6.0,>=9,398303
104,241,User_241,Movie_104,10.0,,10.0,>=9,663998
191,345,User_345,Movie_191,7.0,,7.0,>=9,737384
16,564,User_564,Movie_16,10.0,,10.0,>=9,309417
119,339,User_339,Movie_119,1.0,,1.0,>=9,311463
392,91,User_91,Movie_392,7.0,,7.0,>=9,993844
424,366,User_366,Movie_424,10.0,,10.0,>=9,719212
128,454,User_454,Movie_128,6.0,,6.0,>=9,368602
129,427,User_427,Movie_129,8.0,,8.0,>=9,397668
571,508,User_508,Movie_571,9.0,,9.0,>=9,762213
559,34,User_34,Movie_559,10.0,,10.0,>=9,402621
28,205,User_205,Movie_28,10.0,,10.0,>=9,394366
96,80,User_80,Movie_96,9.0,,9.0,>=9,642608
9,561,User_561,Movie_9,10.0,,10.0,>=9,194154
241,387,User_387,Movie_241,3.0,,3.0,>=9,676531
825,1,User_1,Movie_825,2.0,,2.0,>=9,800975
955,389,User_389,Movie_955,7.0,,7.0,>=9,510568
231,565,User_565,Movie_231,7.0,,7.0,>=9,697121
788,105,User_105,Movie_788,7.0,,7.0,>=9,193476
283,476,User_476,Movie_283,8.0,,8.0,>=9,214560
714,401,User_401,Movie_714,8.0,,8.0,>=9,401411
758,555,User_555,Movie_758,3.0,,3.0,>=9,662229
801,161,User_161,Movie_801,3.0,,3.0,>=9,969241
775,201,User_201,Movie_775,8.0,,8.0,>=9,649656
954,269,User_269,Movie_954,7.0,,7.0,>=9,963618
725,270,User_270,Movie_725,3.0,,3.0,>=9,393128
199,455,User_455,Movie_199,9.0,,9.0,>=9,535157
944,461,User_461,Movie_944,7.0,,7.0,>=9,303990
78,251,User_251,Movie_78,8.0,,8.0,>=9,545899
912,295,User_295,Movie_912,8.0,,8.0,>=9,357481
955,337,User_337,Movie_955,9.0,,9.0,>=9,100801
854,52,User_52,Movie_854,9.0,,9.0,>=9,730826
855,216,User_216,Movie_855,3.0,,3.0,>=9,998633
172,187,User_187,Movie_172,9.0,,9.0,>=9,934397
466,379,User_379,Movie_466,7.0,,7.0,>=9,709557
580,492,User_492,Movie_580,8.0,,8.0,>=9,878053
415,40,User_40,Movie_415,6.0,,6.0,>=9,398113
939,156,User_156,Movie_939,8.0,,8.0,>=9,575485
448,14,User_14,Movie_448,8.0,,8.0,>=9,191679
86,64,User_64,Movie_86,2.0,,2.0,>=9,781065
100,520,User_520,Movie_100,6.0,,6.0,>=9,815663
7,343,User_343,Movie_7,3.0,,3.0,>=9,390507
844,128,User_128,Movie_844,7.0,,7.0,>=9,261792
199,471,User_471,Movie_199,10.0,,10.0,>=9,657639
504,62,User_62,Movie_504,10.0,,10.0,>=9,735311
86,138,User_138,Movie_86,8.0,,8.0,>=9,791505
42,498,User_498,Movie_42,6.0,,6.0,>=9,712236
384,592,User_592,Movie_384,7.0,,7.0,>=9,844974
620,391,User_391,Movie_620,8.0,,8.0,>=9,319188
434,418,User_418,Movie_434,4.0,,4.0,>=9,942667
407,288,User_288,Movie_407,4.0,,4.0,>=9,376999
482,378,User_378,Movie_482,3.0,,3.0,>=9,529385
663,489,User_489,Movie_663,10.0,,10.0,>=9,361677
16,230,User_230,Movie_16,5.0,,5.0,>=9,277476
644,40,User_40,Movie_644,7.0,,7.0,>=9,250641
147,27,User_27,Movie_147,9.0,,9.0,>=9,749362
276,134,User_134,Movie_276,7.0,,7.0,>=9,884366
231,200,User_200,Movie_231,10.0,,10.0,>=9,678725
825,32,User_32,Movie_825,8.0,,8.0,>=9,256810
926,47,User_47,Movie_926,9.0,,9.0,>=9,190410
365,502,User_502,Movie_365,5.0,,5.0,>=9,119731
227,406,User_406,Movie_227,8.0,,8.0,>=9,765491
650,573,User_573,Movie_650,9.0,,9.0,>=9,952756
435,98,User_98,Movie_435,7.0,,7.0,>=9,285169
398,546,User_546,Movie_398,2.0,,2.0,>=9,968152
210,461,User_461,Movie_210,7.0,,7.0,>=9,982865
390,4,User_4,Movie_390,10.0,,10.0,>=9,365033
498,217,User_217,Movie_498,1.0,,1.0,>=9,633857
539,502,User_502,Movie_539,4.0,,4.0,>=9,973625
562,397,User_397,Movie_562,10.0,,10.0,>=9,306749
490,392,User_392,Movie_490,10.0,,10.0,>=9,185192
441,206,User_206,Movie_441,9.0,,9.0,>=9,879117
260,14,User_14,Movie_260,9.0,,9.0,>=9,187154
772,553,User_553,Movie_772,6.0,,6.0,>=9,308542
349,460,User_460,Movie_349,4.0,,4.0,>=9,208073
351,574,User_574,Movie_351,8.0,,8.0,>=9,319894
519,240,User_240,Movie_519,8.0,,8.0,>=9,619235
319,563,User_563,Movie_319,9.0,,9.0,>=9,894044
137,95,User_95,Movie_137,8.0,,8.0,>=9,675932
549,484,User_484,Movie_549,7.0,,7.0,>=9,656357
622,406,User_406,Movie_622,8.0,,8.0,>=9,968173
991,230,User_230,Movie_991,9.0,,9.0,>=9,520547
367,170,User_170,Movie_367,8.0,,8.0,>=9,942329
219,540,User_540,Movie_219,7.0,,7.0,>=9,245006
336,35,User_35,Movie_336,7.0,,7.0,>=9,503311
222,524,User_524,Movie_222,5.0,,5.0,>=9,584710
647,159,User_159,Movie_647,7.0,,7.0,>=9,988976
767,242,User_242,Movie_767,7.0,,7.0,>=9,642994
359,85,User_85,Movie_359,9.0,,9.0,>=9,274588
920,577,User_577,Movie_920,9.0,,9.0,>=9,727890
328,556,User_556,Movie_328,9.0,,9.0,>=9,590224
961,573,User_573,Movie_961,8.0,,8.0,>=9,396773
462,27,User_27,Movie_462,5.0,,5.0,>=9,540126
945,555,User_555,Movie_945,9.0,,9.0,>=9,581756
962,339,User_339,Movie_962,7.0,,7.0,>=9,224746
560,330,User_330,Movie_560,8.0,,8.0,>=9,644719
803,505,User_505,Movie_803,4.0,,4.0,>=9,287805
381,347,User_347,Movie_381,9.0,,9.0,>=9,664376
835,472,User_472,Movie_835,7.0,,7.0,>=9,799495
589,230,User_230,Movie_589,7.0,,7.0,>=9,531231
616,189,User_189,Movie_616,10.0,,10.0,>=9,855398
168,224,User_224,Movie_168,3.0,,3.0,>=9,655673
216,384,User_384,Movie_216,8.0,,8.0,>=9,432343
377,376,User_376,Movie_377,9.0,,9.0,>=9,400821
118,282,User_282,Movie_118,1.0,,1.0,>=9,218104
189,258,User_258,Movie_189,2.0,,2.0,>=9,112818
766,358,User_358,Movie_766,3.0,,3.0,>=9,581438
369,455,User_455,Movie_369,6.0,,6.0,>=9,425145
777,410,User_410,Movie_777,9.0,,9.0,>=9,255049
148,317,User_317,Movie_148,8.0,,8.0,>=9,674120
675,224,User_224,Movie_675,6.0,,6.0,>=9,927363
651,233,User_233,Movie_651,9.0,,9.0,>=9,708278
858,373,User_373,Movie_858,7.0,,7.0,>=9,309966
487,471,User_471,Movie_487,8.0,,8.0,>=9,172204
769,232,User_232,Movie_769,6.0,,6.0,>=9,145784
373,112,User_112,Movie_373,4.0,,4.0,>=9,992737
780,496,User_496,Movie_780,7.0,,7.0,>=9,109921
692,441,User_441,Movie_692,3.0,,3.0,>=9,921391
159,563,User_563,Movie_159,7.0,,7.0,>=9,918760
350,267,User_267,Movie_350,6.0,,6.0,>=9,355564
911,509,User_509,Movie_911,10.0,,10.0,>=9,713794
287,385,User_385,Movie_287,6.0,,6.0,>=9,174408
287,386,User_386,Movie_287,8.0,,8.0,>=9,748140
891,112,User_112,Movie_891,7.0,,7.0,>=9,840126
225,80,User_80,Movie_225,8.0,,8.0,>=9,650996
522,112,User_112,Movie_522,10.0,,10.0,>=9,643135
521,1,User_1,Movie_521,7.0,,7.0,>=9,680277
782,219,User_219,Movie_782,10.0,,10.0,>=9,104922
272,565,User_565,Movie_272,4.0,,4.0,>=9,563144
935,224,User_224,Movie_935,2.0,,2.0,>=9,152335
401,384,User_384,Movie_401,7.0,,7.0,>=9,905983
182,402,User_402,Movie_182,9.0,,9.0,>=9,250453
968,129,User_129,Movie_968,8.0,,8.0,>=9,999751
664,52,User_52,Movie_664,3.0,,3.0,>=9,417817
487,415,User_415,Movie_487,10.0,,10.0,>=9,987963
826,246,User_246,Movie_826,8.0,,8.0,>=9,122948
845,438,User_438,Movie_845,1.0,,1.0,>=9,716552
123,202,User_202,Movie_123,8.0,,8.0,>=9,159072
984,183,User_183,Movie_984,3.0,,3.0,>=9,429704
625,122,User_122,Movie_625,7.0,,7.0,>=9,837609
789,400,User_400,Movie_789,7.0,,7.0,>=9,757846
413,293,User_293,Movie_413,10.0,,10.0,>=9,166691
979,279,User_279,Movie_979,4.0,,4.0,>=9,765442
724,197,User_197,Movie_724,4.0,,4.0,>=9,989213
171,510,User_510,Movie_171,8.0,,8.0,>=9,446249
287,143,User_143,Movie_287,8.0,,8.0,>=9,107086
434,200,User_200,Movie_434,9.0,,9.0,>=9,489962
685,123,User_123,Movie_685,5.0,,5.0,>=9,692141
112,186,User_186,Movie_112,8.0,,8.0,>=9,464069
887,325,User_325,Movie_887,10.0,,10.0,>=9,432171
916,463,User_463,Movie_916,9.0,,9.0,>=9,378060
994,348,User_348,Movie_994,2.0,,2.0,>=9,901680
121,402,User_402,Movie_121,8.0,,8.0,>=9,910658
543,345,User_345,Movie_543,10.0,,10.0,>=9,863210
221,510,User_510,Movie_221,6.0,,6.0,>=9,672668
630,146,User_146,Movie_630,3.0,,3.0,>=9,894280
38,147,User_147,Movie_38,7.0,,7.0,>=9,638562
496,488,User_488,Movie_496,8.0,,8.0,>=9,416689
779,550,User_550,Movie_779,3.0,,3.0,>=9,884403
232,337,User_337,Movie_232,7.0,,7.0,>=9,196494
942,472,User_472,Movie_942,9.0,,9.0,>=9,215981
529,150,User_150,Movie_529,10.0,,10.0,>=9,266305
148,414,User_414,Movie_148,3.0,,3.0,>=9,116304
396,297,User_297,Movie_396,8.0,,8.0,>=9,373438
660,262,User_262,Movie_660,5.0,,5.0,>=9,388569
637,143,User_143,Movie_637,8.0,,8.0,>=9,824071
903,345,User_345,Movie_903,10.0,,10.0,>=9,210777
301,571,User_571,Movie_301,8.0,,8.0,>=9,502641
359,1,User_1,Movie_359,4.0,,4.0,>=9,715837
237,303,User_303,Movie_237,8.0,,8.0,>=9,717752
646,253,User_253,Movie_646,5.0,,5.0,>=9,731036
662,452,User_452,Movie_662,8.0,,8.0,>=9,566962
235,36,User_36,Movie_235,10.0,,10.0,>=9,954727
735,159,User_159,Movie_735,8.0,,8.0,>=9,902523
202,8,User_8,Movie_202,2.0,,2.0,>=9,354174
255,232,User_232,Movie_255,9.0,,9.0,>=9,755362
597,98,User_98,Movie_597,9.0,,9.0,>=9,353890
661,207,User_207,Movie_661,8.0,,8.0,>=9,674699
234,130,User_130,Movie_234,5.0,,5.0,>=9,534174
344,403,User_403,Movie_344,8.0,,8.0,>=9,358901
533,151,User_151,Movie_533,1.0,,1.0,>=9,195696
859,53,User_53,Movie_859,9.0,,9.0,>=9,776067
796,119,User_119,Movie_796,8.0,,8.0,>=9,770608
780,586,User_586,Movie_780,9.0,,9.0,>=9,695597
465,419,User_419,Movie_465,5.0,,5.0,>=9,833682
769,421,User_421,Movie_769,3.0,,3.0,>=9,770397
540,103,User_103,Movie_540,10.0,,10.0,>=9,167421
212,253,User_253,Movie_212,9.0,,9.0,>=9,336436
462,226,User_226,Movie_462,9.0,,9.0,>=9,575083
435,111,User_111,Movie_435,9.0,,9.0,>=9,402756
282,509,User_509,Movie_282,9.0,,9.0,>=9,581247
561,472,User_472,Movie_561,8.0,,8.0,>=9,637738
606,98,User_98,Movie_606,6.0,,6.0,>=9,109491
462,152,User_152,Movie_462,8.0,,8.0,>=9,217026
406,337,User_337,Movie_406,9.0,,9.0,>=9,174804
87,162,User_162,Movie_87,8.0,,8.0,>=9,611662
43,160,User_160,Movie_43,9.0,,9.0,>=9,979725
460,579,User_579,Movie_460,8.0,,8.0,>=9,743786
277,397,User_397,Movie_277,3.0,,3.0,>=9,862803
682,276,User_276,Movie_682,9.0,,9.0,>=9,991907
420,503,User_503,Movie_420,7.0,,7.0,>=9,914746
700,391,User_391,Movie_700,9.0,,9.0,>=9,938315
352,134,User_134,Movie_352,8.0,,8.0,>=9,587335
695,194,User_194,Movie_695,7.0,,7.0,>=9,449230
514,400,User_400,Movie_514,7.0,,7.0,>=9,820989
702,32,User_32,Movie_702,3.0,,3.0,>=9,463435
629,459,User_459,Movie_629,9.0,,9.0,>=9,342223
18,469,User_469,Movie_18,8.0,,8.0,>=9,634255
22,374,User_374,Movie_22,7.0,,7.0,>=9,312826
412,21,User_21,Movie_412,10.0,,10.0,>=9,405364
29,37,User_37,Movie_29,9.0,,9.0,>=9,829523
806,229,User_229,Movie_806,10.0,,10.0,>=9,794779
107,364,User_364,Movie_107,8.0,,8.0,>=9,418275
366,562,User_562,Movie_366,8.0,,8.0,>=9,581930
280,437,User_437,Movie_280,10.0,,10.0,>=9,128876
127,282,User_282,Movie_127,8.0,,8.0,>=9,843804
228,26,User_26,Movie_228,5.0,,5.0,>=9,987880
110,225,User_225,Movie_110,9.0,,9.0,>=9,775331
135,276,User_276,Movie_135,7.0,,7.0,>=9,329192
361,283,User_283,Movie_361,8.0,,8.0,>=9,411372
185,480,User_480,Movie_185,1.0,,1.0,>=9,354767
655,452,User_452,Movie_655,7.0,,7.0,>=9,960927
583,515,User_515,Movie_583,7.0,,7.0,>=9,352313
128,546,User_546,Movie_128,6.0,,6.0,>=9,128261
875,191,User_191,Movie_875,6.0,,6.0,>=9,206601
260,48,User_48,Movie_260,10.0,,10.0,>=9,161260
514,511,User_511,Movie_514,7.0,,7.0,>=9,598214
448,16,User_16,Movie_448,9.0,,9.0,>=9,574587
899,171,User_171,Movie_899,9.0,,9.0,>=9,496562
103,219,User_219,Movie_103,8.0,,8.0,>=9,589170
482,157,User_157,Movie_482,7.0,,7.0,>=9,680464
223,476,User_476,Movie_223,9.0,,9.0,>=9,414444
831,45,User_45,Movie_831,9.0,,9.0,>=9,242412
873,372,User_372,Movie_873,9.0,,9.0,>=9,617561
865,517,User_517,Movie_865,3.0,,3.0,>=9,919444
490,98,User_98,Movie_490,9.0,,9.0,>=9,790753
472,36,User_36,Movie_472,10.0,,10.0,>=9,726441
9,279,User_279,Movie_9,8.0,,8.0,>=9,568349
404,348,User_348,Movie_404,5.0,,5.0,>=9,959705
895,496,User_496,Movie_895,8.0,,8.0,>=9,998760
301,301,User_301,Movie_301,9.0,,9.0,>=9,996736
230,180,User_180,Movie_230,6.0,,6.0,>=9,468781
730,98,User_98,Movie_730,10.0,,10.0,>=9,772636
922,115,User_115,Movie_922,7.0,,7.0,>=9,416783
65,190,User_190,Movie_65,8.0,,8.0,>=9,484083
936,252,User_252,Movie_936,9.0,,9.0,>=9,631598
111,160,User_160,Movie_111,3.0,,3.0,>=9,790527
12,255,User_255,Movie_12,8.0,,8.0,>=9,465088
392,322,User_322,Movie_392,8.0,,8.0,>=9,578096
499,127,User_127,Movie_499,8.0,,8.0,>=9,765751
931,17,User_17,Movie_931,10.0,,10.0,>=9,222013
597,565,User_565,Movie_597,8.0,,8.0,>=9,281693
233,569,User_569,Movie_233,10.0,,10.0,>=9,766252
601,322,User_322,Movie_601,6.0,,6.0,>=9,963165
313,287,User_287,Movie_313,2.0,,2.0,>=9,833946
565,154,User_154,Movie_565,3.0,,3.0,>=9,538895
11,489,User_489,Movie_11,9.0,,9.0,>=9,272687
208,385,User_385,Movie_208,9.0,,9.0,>=9,278625
973,103,User_103,Movie_973,3.0,,3.0,>=9,209264
13,392,User_392,Movie_13,7.0,,7.0,>=9,703359
632,245,User_245,Movie_632,5.0,,5.0,>=9,796362
417,175,User_175,Movie_417,8.0,,8.0,>=9,484755
436,38,User_38,Movie_436,7.0,,7.0,>=9,170658
376,476,User_476,Movie_376,9.0,,9.0,>=9,634140
19,537,User_537,Movie_19,8.0,,8.0,>=9,367531
586,407,User_407,Movie_586,9.0,,9.0,>=9,489715
911,524,User_524,Movie_911,7.0,,7.0,>=9,983727
754,505,User_505,Movie_754,7.0,,7.0,>=9,754669
734,35,User_35,Movie_734,6.0,,6.0,>=9,402138
69,19,User_19,Movie_69,8.0,,8.0,>=9,334484
823,320,User_320,Movie_823,4.0,,4.0,>=9,479056
210,511,User_511,Movie_210,8.0,,8.0,>=9,526941
100,399,User_399,Movie_100,3.0,,3.0,>=9,828042
697,470,User_470,Movie_697,10.0,,10.0,>=9,755920
131,142,User_142,Movie_131,9.0,,9.0,>=9,486354
622,91,User_91,Movie_622,5.0,,5.0,>=9,942997
380,353,User_353,Movie_380,8.0,,8.0,>=9,363456
131,50,User_50,Movie_131,10.0,,10.0,>=9,488026
19,574,User_574,Movie_19,9.0,,9.0,>=9,187566
905,189,User_189,Movie_905,10.0,,10.0,>=9,383473
535,124,User_124,Movie_535,8.0,,8.0,>=9,334750
226,149,User_149,Movie_226,3.0,,3.0,>=9,954619
153,313,User_313,Movie_153,7.0,,7.0,>=9,699830
804,569,User_569,Movie_804,6.0,,6.0,>=9,208237
741,341,User_341,Movie_741,9.0,,9.0,>=9,619904
468,304,User_304,Movie_468,7.0,,7.0,>=9,476620
821,53,User_53,Movie_821,8.0,,8.0,>=9,397789
999,443,User_443,Movie_999,8.0,,8.0,>=9,187502
870,263,User_263,Movie_870,8.0,,8.0,>=9,586598
404,52,User_52,Movie_404,9.0,,9.0,>=9,449454
201,571,User_571,Movie_201,7.0,,7.0,>=9,956051
37,4,User_4,Movie_37,8.0,,8.0,>=9,919945
941,102,User_102,Movie_941,9.0,,9.0,>=9,633037
771,195,User_195,Movie_771,10.0,,10.0,>=9,786143
187,349,User_349,Movie_187,1.0,,1.0,>=9,684933
56,46,User_46,Movie_56,9.0,,9.0,>=9,313933
940,268,User_268,Movie_940,10.0,,10.0,>=9,153175
19,369,User_369,Movie_19,9.0,,9.0,>=9,248395
272,105,User_105,Movie_272,8.0,,8.0,>=9,150762
118,119,User_119,Movie_118,7.0,,7.0,>=9,688510
582,57,User_57,Movie_582,9.0,,9.0,>=9,527709
515,345,User_345,Movie_515,9.0,,9.0,>=9,289400
220,473,User_473,Movie_220,9.0,,9.0,>=9,355539
525,116,User_116,Movie_525,8.0,,8.0,>=9,112213
514,126,User_126,Movie_514,8.0,,8.0,>=9,721655
727,392,User_392,Movie_727,8.0,,8.0,>=9,802290
740,57,User_57,Movie_740,8.0,,8.0,>=9,258785
335,512,User_512,Movie_335,2.0,,2.0,>=9,731445
697,95,User_95,Movie_697,3.0,,3.0,>=9,853696
54,117,User_117,Movie_54,2.0,,2.0,>=9,132583
499,559,User_559,Movie_499,5.0,,5.0,>=9,753080
899,487,User_487,Movie_899,4.0,,4.0,>=9,179944
887,236,User_236,Movie_887,7.0,,7.0,>=9,122369
765,271,User_271,Movie_765,9.0,,9.0,>=9,803288
535,188,User_188,Movie_535,7.0,,7.0,>=9,119510
161,446,User_446,Movie_161,6.0,,6.0,>=9,112120
669,580,User_580,Movie_669,8.0,,8.0,>=9,724135
593,246,User_246,Movie_593,9.0,,9.0,>=9,722863
914,75,User_75,Movie_914,8.0,,8.0,>=9,491413
158,153,User_153,Movie_158,7.0,,7.0,>=9,367439
187,434,User_434,Movie_187,2.0,,2.0,>=9,644748
59,85,User_85,Movie_59,8.0,,8.0,>=9,639251
914,284,User_284,Movie_914,8.0,,8.0,>=9,963548
816,219,User_219,Movie_816,10.0,,10.0,>=9,651616
318,68,User_68,Movie_318,10.0,,10.0,>=9,971061
877,46,User_46,Movie_877,3.0,,3.0,>=9,224034
210,93,User_93,Movie_210,8.0,,8.0,>=9,645893
405,452,User_452,Movie_405,4.0,,4.0,>=9,997333
663,203,User_203,Movie_663,8.0,,8.0,>=9,275885
108,217,User_217,Movie_108,9.0,,9.0,>=9,277443
75,473,User_473,Movie_75,6.0,,6.0,>=9,732529
541,431,User_431,Movie_541,8.0,,8.0,>=9,934030
313,340,User_340,Movie_313,8.0,,8.0,>=9,291848
997,550,User_550,Movie_997,10.0,,10.0,>=9,354289
116,288,User_288,Movie_116,6.0,,6.0,>=9,958690
926,253,User_253,Movie_926,5.0,,5.0,>=9,927401
867,356,User_356,Movie_867,8.0,,8.0,>=9,792272
703,22,User_22,Movie_703,5.0,,5.0,>=9,269446
18,521,User_521,Movie_18,9.0,,9.0,>=9,827662
431,99,User_99,Movie_431,8.0,,8.0,>=9,162784
684,179,User_179,Movie_684,6.0,,6.0,>=9,121274
739,222,User_222,Movie_739,10.0,,10.0,>=9,754282
349,441,User_441,Movie_349,8.0,,8.0,>=9,920848
182,324,User_324,Movie_182,9.0,,9.0,>=9,317220
112,515,User_515,Movie_112,7.0,,7.0,>=9,816358
182,15,User_15,Movie_182,3.0,,3.0,>=9,462578
480,335,User_335,Movie_480,8.0,,8.0,>=9,343768
145,257,User_257,Movie_145,8.0,,8.0,>=9,536572
830,496,User_496,Movie_830,6.0,,6.0,>=9,792494
627,159,User_159,Movie_627,7.0,,7.0,>=9,560258
112,474,User_474,Movie_112,9.0,,9.0,>=9,937742
762,379,User_379,Movie_762,7.0,,7.0,>=9,967190
475,544,User_544,Movie_475,7.0,,7.0,>=9,243435
762,426,User_426,Movie_762,8.0,,8.0,>=9,578365
302,267,User_267,Movie_302,9.0,,9.0,>=9,917060
970,576,User_576,Movie_970,6.0,,6.0,>=9,604136
824,416,User_416,Movie_824,4.0,,4.0,>=9,169672
117,167,User_167,Movie_117,3.0,,3.0,>=9,670534
812,42,User_42,Movie_812,8.0,,8.0,>=9,594209
160,555,User_555,Movie_160,7.0,,7.0,>=9,713398
400,284,User_284,Movie_400,6.0,,6.0,>=9,585654
197,396,User_396,Movie_197,6.0,,6.0,>=9,364954
259,11,User_11,Movie_259,9.0,,9.0,>=9,815220
659,301,User_301,Movie_659,7.0,,7.0,>=9,308271
751,252,User_252,Movie_751,6.0,,6.0,>=9,695976
46,498,User_498,Movie_46,8.0,,8.0,>=9,951980
986,34,User_34,Movie_986,9.0,,9.0,>=9,817723
398,89,User_89,Movie_398,3.0,,3.0,>=9,373306
709,417,User_417,Movie_709,2.0,,2.0,>=9,974290
558,114,User_114,Movie_558,7.0,,7.0,>=9,697823
77,195,User_195,Movie_77,2.0,,2.0,>=9,500435
123,500,User_500,Movie_123,3.0,,3.0,>=9,695152
74,492,User_492,Movie_74,8.0,,8.0,>=9,758981
870,74,User_74,Movie_870,6.0,,6.0,>=9,218371
136,412,User_412,Movie_136,8.0,,8.0,>=9,714080
601,375,User_375,Movie_601,2.0,,2.0,>=9,799793
399,419,User_419,Movie_399,1.0,,1.0,>=9,613214
836,276,User_276,Movie_836,8.0,,8.0,>=9,570066
504,393,User_393,Movie_504,8.0,,8.0,>=9,881704
499,456,User_456,Movie_499,8.0,,8.0,>=9,166188
572,191,User_191,Movie_572,8.0,,8.0,>=9,286023
137,98,User_98,Movie_137,7.0,,7.0,>=9,968150
49,547,User_547,Movie_49,4.0,,4.0,>=9,862476
770,95,User_95,Movie_770,8.0,,8.0,>=9,660846
972,189,User_189,Movie_972,1.0,,1.0,>=9,228938
618,36,User_36,Movie_618,3.0,,3.0,>=9,246731
624,368,User_368,Movie_624,6.0,,6.0,>=9,920845
861,524,User_524,Movie_861,9.0,,9.0,>=9,896867
253,278,User_278,Movie_253,10.0,,10.0,>=9,874560
629,216,User_216,Movie_629,10.0,,10.0,>=9,652355
709,272,User_272,Movie_709,10.0,,10.0,>=9,712082
848,61,User_61,Movie_848,9.0,,9.0,>=9,980255
876,595,User_595,Movie_876,9.0,,9.0,>=9,955656
562,341,User_341,Movie_562,7.0,,7.0,>=9,566441
756,396,User_396,Movie_756,9.0,,9.0,>=9,625667
914,18,User_18,Movie_914,8.0,,8.0,>=9,464691
425,176,User_176,Movie_425,8.0,,8.0,>=9,732829
546,395,User_395,Movie_546,9.0,,9.0,>=9,520840
301,444,User_444,Movie_301,7.0,,7.0,>=9,584716
921,232,User_232,Movie_921,8.0,,8.0,>=9,843787
580,75,User_75,Movie_580,10.0,,10.0,>=9,738922
348,264,User_264,Movie_348,6.0,,6.0,>=9,877867
831,454,User_454,Movie_831,8.0,,8.0,>=9,419889
932,383,User_383,Movie_932,10.0,,10.0,>=9,728203
979,563,User_563,Movie_979,3.0,,3.0,>=9,614031
48,505,User_505,Movie_48,9.0,,9.0,>=9,505732
916,366,User_366,Movie_916,8.0,,8.0,>=9,834782
73,143,User_143,Movie_73,7.0,,7.0,>=9,316915
703,68,User_68,Movie_703,8.0,,8.0,>=9,753848
260,98,User_98,Movie_260,10.0,,10.0,>=9,255915
355,395,User_395,Movie_355,8.0,,8.0,>=9,236984
581,24,User_24,Movie_581,8.0,,8.0,>=9,776874
601,468,User_468,Movie_601,6.0,,6.0,>=9,318431
259,483,User_483,Movie_259,6.0,,6.0,>=9,812392
637,564,User_564,Movie_637,10.0,,10.0,>=9,761809
742,150,User_150,Movie_742,8.0,,8.0,>=9,232797
294,143,User_143,Movie_294,5.0,,5.0,>=9,967838
930,568,User_568,Movie_930,9.0,,9.0,>=9,109304
640,38,User_38,Movie_640,6.0,,6.0,>=9,225555
791,108,User_108,Movie_791,9.0,,9.0,>=9,506879
312,41,User_41,Movie_312,10.0,,10.0,>=9,432464
611,185,User_185,Movie_611,8.0,,8.0,>=9,623277
837,397,User_397,Movie_837,7.0,,7.0,>=9,568224
808,222,User_222,Movie_808,8.0,,8.0,>=9,194488
181,132,User_132,Movie_181,9.0,,9.0,>=9,358490
685,162,User_162,Movie_685,8.0,,8.0,>=9,437735
827,214,User_214,Movie_827,10.0,,10.0,>=9,457188
363,234,User_234,Movie_363,3.0,,3.0,>=9,768036
187,587,User_587,Movie_187,9.0,,9.0,>=9,911624
568,8,User_8,Movie_568,10.0,,10.0,>=9,885890
542,73,User_73,Movie_542,9.0,,9.0,>=9,762806
595,491,User_491,Movie_595,7.0,,7.0,>=9,481448
663,252,User_252,Movie_663,8.0,,8.0,>=9,840957
984,229,User_229,Movie_984,7.0,,7.0,>=9,606289
547,518,User_518,Movie_547,10.0,,10.0,>=9,712495
724,173,User_173,Movie_724,9.0,,9.0,>=9,812992
925,167,User_167,Movie_925,9.0,,9.0,>=9,298017
407,169,User_169,Movie_407,8.0,,8.0,>=9,698029
875,392,User_392,Movie_875,1.0,,1.0,>=9,116365
617,193,User_193,Movie_617,7.0,,7.0,>=9,952224
413,516,User_516,Movie_413,9.0,,9.0,>=9,820217
341,28,User_28,Movie_341,8.0,,8.0,>=9,871769
219,164,User_164,Movie_219,7.0,,7.0,>=9,771064
902,421,User_421,Movie_902,3.0,,3.0,>=9,937007
162,338,User_338,Movie_162,9.0,,9.0,>=9,260974
950,495,User_495,Movie_950,6.0,,6.0,>=9,332366
219,364,User_364,Movie_219,8.0,,8.0,>=9,494411
269,341,User_341,Movie_269,8.0,,8.0,>=9,350319
631,499,User_499,Movie_631,7.0,,7.0,>=9,939949
905,510,User_510,Movie_905,10.0,,10.0,>=9,134012
847,326,User_326,Movie_847,7.0,,7.0,>=9,766775
399,216,User_216,Movie_399,7.0,,7.0,>=9,532750
181,300,User_300,Movie_181,7.0,,7.0,>=9,645974
990,131,User_131,Movie_990,4.0,,4.0,>=9,832558
617,69,User_69,Movie_617,5.0,,5.0,>=9,607730
728,251,User_251,Movie_728,3.0,,3.0,>=9,784103
204,414,User_414,Movie_204,9.0,,9.0,>=9,132161
581,444,User_444,Movie_581,8.0,,8.0,>=9,554529
555,181,User_181,Movie_555,3.0,,3.0,>=9,347066
840,166,User_166,Movie_840,8.0,,8.0,>=9,863977
812,90,User_90,Movie_812,6.0,,6.0,>=9,364546
227,530,User_530,Movie_227,5.0,,5.0,>=9,163190
695,38,User_38,Movie_695,2.0,,2.0,>=9,346256
618,125,User_125,Movie_618,6.0,,6.0,>=9,375419
595,450,User_450,Movie_595,8.0,,8.0,>=9,783542
849,172,User_172,Movie_849,9.0,,9.0,>=9,639203
249,219,User_219,Movie_249,4.0,,4.0,>=9,363053
874,57,User_57,Movie_874,3.0,,3.0,>=9,165908
440,475,User_475,Movie_440,10.0,,10.0,>=9,227337
532,455,User_455,Movie_532,6.0,,6.0,>=9,909052
195,360,User_360,Movie_195,1.0,,1.0,>=9,134112
689,0,User_0,Movie_689,8.0,,8.0,>=9,829411
928,386,User_386,Movie_928,10.0,,10.0,>=9,102431
986,347,User_347,Movie_986,3.0,,3.0,>=9,186590
518,189,User_189,Movie_518,8.0,,8.0,>=9,948607
69,504,User_504,Movie_69,9.0,,9.0,>=9,741760
638,190,User_190,Movie_638,7.0,,7.0,>=9,394768
398,507,User_507,Movie_398,10.0,,10.0,>=9,307193
977,368,User_368,Movie_977,2.0,,2.0,>=9,161264
671,408,User_408,Movie_671,9.0,,9.0,>=9,787318
759,116,User_116,Movie_759,4.0,,4.0,>=9,462355
202,133,User_133,Movie_202,10.0,,10.0,>=9,743790
147,57,User_57,Movie_147,9.0,,9.0,>=9,543148
471,555,User_555,Movie_471,8.0,,8.0,>=9,330395
654,172,User_172,Movie_654,10.0,,10.0,>=9,406369
943,148,User_148,Movie_943,7.0,,7.0,>=9,756763
198,79,User_79,Movie_198,8.0,,8.0,>=9,305463
916,212,User_212,Movie_916,9.0,,9.0,>=9,269708
425,202,User_202,Movie_425,9.0,,9.0,>=9,897271
665,228,User_228,Movie_665,10.0,,10.0,>=9,859994
491,226,User_226,Movie_491,7.0,,7.0,>=9,278901
887,531,User_531,Movie_887,9.0,,9.0,>=9,240302
895,440,User_440,Movie_895,9.0,,9.0,>=9,676265
141,401,User_401,Movie_141,6.0,,6.0,>=9,533448
312,46,User_46,Movie_312,8.0,,8.0,>=9,999482
164,232,User_232,Movie_164,7.0,,7.0,>=9,594523
313,304,User_304,Movie_313,8.0,,8.0,>=9,325864
20,525,User_525,Movie_20,5.0,,5.0,>=9,649939
81,142,User_142,Movie_81,10.0,,10.0,>=9,722207
580,414,User_414,Movie_580,9.0,,9.0,>=9,402107
130,512,User_512,Movie_130,9.0,,9.0,>=9,811232
598,372,User_372,Movie_598,10.0,,10.0,>=9,742064
729,565,User_565,Movie_729,8.0,,8.0,>=9,965630
932,258,User_258,Movie_932,2.0,,2.0,>=9,244811
983,470,User_470,Movie_983,9.0,,9.0,>=9,230697
304,11,User_11,Movie_304,4.0,,4.0,>=9,949726
914,329,User_329,Movie_914,8.0,,8.0,>=9,279428
370,357,User_357,Movie_370,10.0,,10.0,>=9,626077
856,407,User_407,Movie_856,4.0,,4.0,>=9,975729
852,372,User_372,Movie_852,10.0,,10.0,>=9,861262
383,7,User_7,Movie_383,7.0,,7.0,>=9,361413
907,121,User_121,Movie_907,8.0,,8.0,>=9,268678
444,347,User_347,Movie_444,9.0,,9.0,>=9,531856
424,89,User_89,Movie_424,1.0,,1.0,>=9,668423
160,315,User_315,Movie_160,8.0,,8.0,>=9,137067
177,177,User_177,Movie_177,3.0,,3.0,>=9,903789
628,539,User_539,Movie_628,9.0,,9.0,>=9,270923
707,40,User_40,Movie_707,8.0,,8.0,>=9,400406
894,501,User_501,Movie_894,9.0,,9.0,>=9,617961
489,144,User_144,Movie_489,1.0,,1.0,>=9,307925
326,200,User_200,Movie_326,7.0,,7.0,>=9,945075
597,460,User_460,Movie_597,6.0,,6.0,>=9,514750
288,557,User_557,Movie_288,7.0,,7.0,>=9,977702
592,546,User_546,Movie_592,8.0,,8.0,>=9,594649
663,252,User_252,Movie_663,7.0,,7.0,>=9,263944
572,389,User_389,Movie_572,8.0,,8.0,>=9,598953
572,593,User_593,Movie_572,8.0,,8.0,>=9,693391
353,255,User_255,Movie_353,6.0,,6.0,>=9,972700
27,449,User_449,Movie_27,8.0,,8.0,>=9,710598
953,9,User_9,Movie_953,10.0,,10.0,>=9,581947
42,241,User_241,Movie_42,7.0,,7.0,>=9,609085
680,250,User_250,Movie_680,5.0,,5.0,>=9,661700
422,4,User_4,Movie_422,8.0,,8.0,>=9,409878
597,118,User_118,Movie_597,9.0,,9.0,>=9,602850
176,373,User_373,Movie_176,8.0,,8.0,>=9,449937
528,64,User_64,Movie_528,9.0,,9.0,>=9,825290
609,145,User_145,Movie_609,8.0,,8.0,>=9,595054
965,223,User_223,Movie_965,4.0,,4.0,>=9,122228
493,238,User_238,Movie_493,8.0,,8.0,>=9,220627
197,176,User_176,Movie_197,4.0,,4.0,>=9,440068
609,281,User_281,Movie_609,6.0,,6.0,>=9,635607
576,62,User_62,Movie_576,9.0,,9.0,>=9,106475
841,216,User_216,Movie_841,9.0,,9.0,>=9,852451
852,460,User_460,Movie_852,4.0,,4.0,>=9,770088
516,104,User_104,Movie_516,6.0,,6.0,>=9,341382
513,98,User_98,Movie_513,8.0,,8.0,>=9,915977
21,510,User_510,Movie_21,10.0,,10.0,>=9,458780
111,384,User_384,Movie_111,8.0,,8.0,>=9,616187
56,404,User_404,Movie_56,8.0,,8.0,>=9,853772
65,517,User_517,Movie_65,10.0,,10.0,>=9,817116
841,475,User_475,Movie_841,9.0,,9.0,>=9,824135
97,436,User_436,Movie_97,8.0,,8.0,>=9,531915
143,22,User_22,Movie_143,9.0,,9.0,>=9,530037
879,564,User_564,Movie_879,4.0,,4.0,>=9,392759
434,457,User_457,Movie_434,10.0,,10.0,>=9,900178
636,82,User_82,Movie_636,8.0,,8.0,>=9,579673
678,144,User_144,Movie_678,8.0,,8.0,>=9,778105
85,84,User_84,Movie_85,8.0,,8.0,>=9,363389
587,77,User_77,Movie_587,10.0,,10.0,>=9,217408
343,456,User_456,Movie_343,9.0,,9.0,>=9,736431
935,0,User_0,Movie_935,6.0,,6.0,>=9,389776
293,50,User_50,Movie_293,10.0,,10.0,>=9,899288
955,445,User_445,Movie_955,8.0,,8.0,>=9,287965
570,448,User_448,Movie_570,6.0,,6.0,>=9,332298
649,487,User_487,Movie_649,5.0,,5.0,>=9,692337
610,33,User_33,Movie_610,8.0,,8.0,>=9,944614
703,347,User_347,Movie_703,8.0,,8.0,>=9,853241
242,94,User_94,Movie_242,10.0,,10.0,>=9,834791
830,71,User_71,Movie_830,7.0,,7.0,>=9,795109
560,550,User_550,Movie_560,9.0,,9.0,>=9,304829
959,153,User_153,Movie_959,4.0,,4.0,>=9,417798
31,249,User_249,Movie_31,5.0,,5.0,>=9,302646
390,437,User_437,Movie_390,8.0,,8.0,>=9,590783
276,117,User_117,Movie_276,3.0,,3.0,>=9,941813
531,305,User_305,Movie_531,2.0,,2.0,>=9,158601
153,267,User_267,Movie_153,3.0,,3.0,>=9,246154
382,53,User_53,Movie_382,2.0,,2.0,>=9,770008
67,235,User_235,Movie_67,6.0,,6.0,>=9,886796
877,388,User_388,Movie_877,10.0,,10.0,>=9,265640
883,400,User_400,Movie_883,8.0,,8.0,>=9,564710
213,302,User_302,Movie_213,7.0,,7.0,>=9,829992
654,206,User_206,Movie_654,3.0,,3.0,>=9,369580
375,228,User_228,Movie_375,8.0,,8.0,>=9,448857
743,577,User_577,Movie_743,10.0,,10.0,>=9,946626
212,74,User_74,Movie_212,3.0,,3.0,>=9,124544
78,434,User_434,Movie_78,4.0,,4.0,>=9,163295
725,102,User_102,Movie_725,1.0,,1.0,>=9,505854
627,421,User_421,Movie_627,8.0,,8.0,>=9,821075
603,305,User_305,Movie_603,7.0,,7.0,>=9,169409
781,97,User_97,Movie_781,7.0,,7.0,>=9,874008
922,334,User_334,Movie_922,7.0,,7.0,>=9,621998
380,434,User_434,Movie_380,9.0,,9.0,>=9,751127
679,446,User_446,Movie_679,8.0,,8.0,>=9,475903
57,307,User_307,Movie_57,2.0,,2.0,>=9,379301
795,248,User_248,Movie_795,7.0,,7.0,>=9,276637
25,165,User_165,Movie_25,7.0,,7.0,>=9,825356
880,480,User_480,Movie_880,8.0,,8.0,>=9,690176
446,334,User_334,Movie_446,10.0,,10.0,>=9,287167
65,541,User_541,Movie_65,8.0,,8.0,>=9,951379
920,105,User_105,Movie_920,10.0,,10.0,>=9,580338
759,562,User_562,Movie_759,8.0,,8.0,>=9,957312
253,80,User_80,Movie_253,7.0,,7.0,>=9,104507
898,132,User_132,Movie_898,10.0,,10.0,>=9,989566
967,137,User_137,Movie_967,3.0,,3.0,>=9,143988
43,183,User_183,Movie_43,8.0,,8.0,>=9,460565
96,400,User_400,Movie_96,9.0,,9.0,>=9,772225
553,329,User_329,Movie_553,10.0,,10.0,>=9,464735
226,507,User_507,Movie_226,5.0,,5.0,>=9,491758
773,68,User_68,Movie_773,6.0,,6.0,>=9,127213
678,545,User_545,Movie_678,6.0,,6.0,>=9,157450
435,52,User_52,Movie_435,3.0,,3.0,>=9,497693
790,449,User_449,Movie_790,9.0,,9.0,>=9,686510
600,204,User_204,Movie_600,7.0,,7.0,>=9,618728
378,125,User_125,Movie_378,7.0,,7.0,>=9,778756
177,42,User_42,Movie_177,6.0,,6.0,>=9,112755
426,110,User_110,Movie_426,6.0,,6.0,>=9,756225
914,182,User_182,Movie_914,9.0,,9.0,>=9,242245
708,94,User_94,Movie_708,3.0,,3.0,>=9,289977
306,373,User_373,Movie_306,4.0,,4.0,>=9,269169
778,519,User_519,Movie_778,7.0,,7.0,>=9,395515
503,359,User_359,Movie_503,8.0,,8.0,>=9,335132
267,280,User_280,Movie_267,9.0,,9.0,>=9,504470
585,194,User_194,Movie_585,4.0,,4.0,>=9,235090
7,194,User_194,Movie_7,2.0,,2.0,>=9,891624
919,92,User_92,Movie_919,8.0,,8.0,>=9,888447
507,60,User_60,Movie_507,3.0,,3.0,>=9,994586
475,50,User_50,Movie_475,6.0,,6.0,>=9,824276
296,402,User_402,Movie_296,9.0,,9.0,>=9,652631
163,4,User_4,Movie_163,6.0,,6.0,>=9,955738
484,465,User_465,Movie_484,9.0,,9.0,>=9,105829
596,533,User_533,Movie_596,10.0,,10.0,>=9,658669
71,404,User_404,Movie_71,8.0,,8.0,>=9,997883
566,512,User_512,Movie_566,8.0,,8.0,>=9,312153
904,232,User_232,Movie_904,2.0,,2.0,>=9,380407
558,523,User_523,Movie_558,8.0,,8.0,>=9,859036
910,345,User_345,Movie_910,8.0,,8.0,>=9,546476
943,45,User_45,Movie_943,10.0,,10.0,>=9,584427
237,545,User_545,Movie_237,10.0,,10.0,>=9,420562
103,77,User_77,Movie_103,8.0,,8.0,>=9,846258
209,72,User_72,Movie_209,9.0,,9.0,>=9,624436
553,248,User_248,Movie_553,10.0,,10.0,>=9,913177
827,46,User_46,Movie_827,10.0,,10.0,>=9,697202
467,120,User_120,Movie_467,8.0,,8.0,>=9,605111
453,213,User_213,Movie_453,8.0,,8.0,>=9,160653
267,238,User_238,Movie_267,7.0,,7.0,>=9,847895
385,55,User_55,Movie_385,10.0,,10.0,>=9,292593
774,349,User_349,Movie_774,7.0,,7.0,>=9,440459
847,106,User_106,Movie_847,5.0,,5.0,>=9,393219
386,47,User_47,Movie_386,8.0,,8.0,>=9,109795
876,572,User_572,Movie_876,7.0,,7.0,>=9,688843
258,336,User_336,Movie_258,7.0,,7.0,>=9,335068
282,25,User_25,Movie_282,8.0,,8.0,>=9,562970
625,256,User_256,Movie_625,10.0,,10.0,>=9,727395
874,7,User_7,Movie_874,2.0,,2.0,>=9,413673
39,252,User_252,Movie_39,3.0,,3.0,>=9,547454
485,302,User_302,Movie_485,1.0,,1.0,>=9,851938
928,55,User_55,Movie_928,6.0,,6.0,>=9,267022
219,525,User_525,Movie_219,8.0,,8.0,>=9,111009
128,473,User_473,Movie_128,6.0,,6.0,>=9,278168
519,27,User_27,Movie_519,7.0,,7.0,>=9,774904
612,77,User_77,Movie_612,8.0,,8.0,>=9,653669
927,215,User_215,Movie_927,8.0,,8.0,>=9,489913
891,385,User_385,Movie_891,2.0,,2.0,>=9,426754
687,364,User_364,Movie_687,7.0,,7.0,>=9,168122
618,525,User_525,Movie_618,8.0,,8.0,>=9,430328
612,311,User_311,Movie_612,6.0,,6.0,>=9,533297
259,6,User_6,Movie_259,8.0,,8.0,>=9,314709
989,2,User_2,Movie_989,10.0,,10.0,>=9,711516
965,362,User_362,Movie_965,10.0,,10.0,>=9,959375
365,507,User_507,Movie_365,8.0,,8.0,>=9,705058
757,273,User_273,Movie_757,8.0,,8.0,>=9,152726
786,505,User_505,Movie_786,4.0,,4.0,>=9,515427
543,14,User_14,Movie_543,2.0,,2.0,>=9,934212
648,191,User_191,Movie_648,10.0,,10.0,>=9,288210
523,484,User_484,Movie_523,6.0,,6.0,>=9,845742
906,27,User_27,Movie_906,1.0,,1.0,>=9,404647
813,38,User_38,Movie_813,3.0,,3.0,>=9,944325
886,272,User_272,Movie_886,9.0,,9.0,>=9,277265
15,230,User_230,Movie_15,10.0,,10.0,>=9,869362
128,85,User_85,Movie_128,6.0,,6.0,>=9,620759
574,473,User_473,Movie_574,1.0,,1.0,>=9,947790
108,125,User_125,Movie_108,1.0,,1.0,>=9,180857
886,536,User_536,Movie_886,7.0,,7.0,>=9,482601
532,144,User_144,Movie_532,4.0,,4.0,>=9,359405
669,524,User_524,Movie_669,10.0,,10.0,>=9,290128
268,211,User_211,Movie_268,4.0,,4.0,>=9,742216
161,24,User_24,Movie_161,8.0,,8.0,>=9,682994
259,579,User_579,Movie_259,5.0,,5.0,>=9,444950
923,393,User_393,Movie_923,6.0,,6.0,>=9,679294
101,66,User_66,Movie_101,7.0,,7.0,>=9,711526
505,232,User_232,Movie_505,8.0,,8.0,>=9,348018
734,108,User_108,Movie_734,5.0,,5.0,>=9,563134
570,145,User_145,Movie_570,4.0,,4.0,>=9,818515
246,110,User_110,Movie_246,1.0,,1.0,>=9,932230
639,227,User_227,Movie_639,4.0,,4.0,>=9,177271
794,110,User_110,Movie_794,9.0,,9.0,>=9,916609
836,469,User_469,Movie_836,9.0,,9.0,>=9,589464
536,33,User_33,Movie_536,10.0,,10.0,>=9,490166
130,368,User_368,Movie_130,7.0,,7.0,>=9,615631
352,594,User_594,Movie_352,8.0,,8.0,>=9,444359
195,553,User_553,Movie_195,8.0,,8.0,>=9,143013
792,424,User_424,Movie_792,8.0,,8.0,>=9,706888
915,517,User_517,Movie_915,7.0,,7.0,>=9,458243
929,281,User_281,Movie_929,10.0,,10.0,>=9,415594
665,319,User_319,Movie_665,10.0,,10.0,>=9,541144
381,442,User_442,Movie_381,4.0,,4.0,>=9,484784
644,314,User_314,Movie_644,8.0,,8.0,>=9,978835
226,376,User_376,Movie_226,4.0,,4.0,>=9,538598
700,288,User_288,Movie_700,9.0,,9.0,>=9,723578
475,436,User_436,Movie_475,7.0,,7.0,>=9,316110
476,276,User_276,Movie_476,3.0,,3.0,>=9,231832
264,581,User_581,Movie_264,8.0,,8.0,>=9,124142
371,502,User_502,Movie_371,9.0,,9.0,>=9,472333
485,515,User_515,Movie_485,8.0,,8.0,>=9,993964
433,349,User_349,Movie_433,10.0,,10.0,>=9,231436
645,445,User_445,Movie_645,9.0,,9.0,>=9,943353
210,349,User_349,Movie_210,8.0,,8.0,>=9,381941
571,136,User_136,Movie_571,9.0,,9.0,>=9,337403
939,242,User_242,Movie_939,7.0,,7.0,>=9,656823
376,542,User_542,Movie_376,8.0,,8.0,>=9,408444
394,39,User_39,Movie_394,2.0,,2.0,>=9,933608
449,228,User_228,Movie_449,8.0,,8.0,>=9,116105
942,547,User_547,Movie_942,8.0,,8.0,>=9,763299
363,222,User_222,Movie_363,4.0,,4.0,>=9,703760
875,5,User_5,Movie_875,9.0,,9.0,>=9,797389
456,321,User_321,Movie_456,8.0,,8.0,>=9,771223
724,467,User_467,Movie_724,9.0,,9.0,>=9,178097
727,74,User_74,Movie_727,8.0,,8.0,>=9,361674
225,3,User_3,Movie_225,8.0,,8.0,>=9,241519
981,117,User_117,Movie_981,4.0,,4.0,>=9,720448
130,503,User_503,Movie_130,9.0,,9.0,>=9,146940
587,573,User_573,Movie_587,7.0,,7.0,>=9,833307
475,440,User_440,Movie_475,7.0,,7.0,>=9,185001
797,193,User_193,Movie_797,8.0,,8.0,>=9,859112
985,391,User_391,Movie_985,7.0,,7.0,>=9,775002
276,25,User_25,Movie_276,6.0,,6.0,>=9,852158
155,434,User_434,Movie_155,9.0,,9.0,>=9,851259
759,172,User_172,Movie_759,8.0,,8.0,>=9,298715
217,299,User_299,Movie_217,8.0,,8.0,>=9,107928
189,325,User_325,Movie_189,10.0,,10.0,>=9,672290
416,409,User_409,Movie_416,5.0,,5.0,>=9,446997
980,117,User_117,Movie_980,8.0,,8.0,>=9,738902
674,224,User_224,Movie_674,10.0,,10.0,>=9,217517
691,531,User_531,Movie_691,7.0,,7.0,>=9,256089
545,112,User_112,Movie_545,8.0,,8.0,>=9,179064
40,139,User_139,Movie_40,10.0,,10.0,>=9,506529
306,558,User_558,Movie_306,8.0,,8.0,>=9,494775
942,0,User_0,Movie_942,9.0,,9.0,>=9,150893
337,89,User_89,Movie_337,2.0,,2.0,>=9,377311
313,319,User_319,Movie_313,8.0,,8.0,>=9,662886
74,549,User_549,Movie_74,6.0,,6.0,>=9,238595
952,138,User_138,Movie_952,2.0,,2.0,>=9,936209
278,510,User_510,Movie_278,2.0,,2.0,>=9,521655
175,258,User_258,Movie_175,4.0,,4.0,>=9,478522
895,9,User_9,Movie_895,8.0,,8.0,>=9,181060
661,260,User_260,Movie_661,8.0,,8.0,>=9,899717
272,171,User_171,Movie_272,10.0,,10.0,>=9,504189
836,12,User_12,Movie_836,7.0,,7.0,>=9,485114
619,167,User_167,Movie_619,10.0,,10.0,>=9,646982
650,595,User_595,Movie_650,10.0,,10.0,>=9,361401
861,320,User_320,Movie_861,2.0,,2.0,>=9,871136
782,318,User_318,Movie_782,7.0,,7.0,>=9,777751
858,328,User_328,Movie_858,1.0,,1.0,>=9,891043
930,549,User_549,Movie_930,8.0,,8.0,>=9,633660
288,418,User_418,Movie_288,10.0,,10.0,>=9,255384
723,94,User_94,Movie_723,10.0,,10.0,>=9,245152
892,580,User_580,Movie_892,8.0,,8.0,>=9,967050
271,317,User_317,Movie_271,8.0,,8.0,>=9,737233
929,235,User_235,Movie_929,8.0,,8.0,>=9,994829
65,333,User_333,Movie_65,5.0,,5.0,>=9,720501
482,375,User_375,Movie_482,9.0,,9.0,>=9,120874
935,458,User_458,Movie_935,7.0,,7.0,>=9,555753
247,136,User_136,Movie_247,9.0,,9.0,>=9,829274
155,587,User_587,Movie_155,6.0,,6.0,>=9,494813
46,546,User_546,Movie_46,6.0,,6.0,>=9,635888
934,512,User_512,Movie_934,8.0,,8.0,>=9,965847
453,295,User_295,Movie_453,8.0,,8.0,>=9,872718
200,319,User_319,Movie_200,8.0,,8.0,>=9,571769
659,571,User_571,Movie_659,8.0,,8.0,>=9,780175
123,348,User_348,Movie_123,8.0,,8.0,>=9,839860
0,228,User_228,Movie_0,7.0,,7.0,>=9,718636
967,269,User_269,Movie_967,8.0,,8.0,>=9,205736
758,290,User_290,Movie_758,10.0,,10.0,>=9,911146
854,164,User_164,Movie_854,8.0,,8.0,>=9,512106
639,4,User_4,Movie_639,8.0,,8.0,>=9,555040
190,378,User_378,Movie_190,1.0,,1.0,>=9,235797
578,77,User_77,Movie_578,8.0,,8.0,>=9,536421
515,409,User_409,Movie_515,4.0,,4.0,>=9,776044
441,573,User_573,Movie_441,3.0,,3.0,>=9,585077
920,131,User_131,Movie_920,10.0,,10.0,>=9,735861
814,41,User_41,Movie_814,7.0,,7.0,>=9,375236
805,88,User_88,Movie_805,9.0,,9.0,>=9,458062
142,401,User_401,Movie_142,4.0,,4.0,>=9,125457
190,295,User_295,Movie_190,9.0,,9.0,>=9,958099
532,294,User_294,Movie_532,9.0,,9.0,>=9,452895
226,525,User_525,Movie_226,6.0,,6.0,>=9,162894
312,421,User_421,Movie_312,3.0,,3.0,>=9,685593
628,22,User_22,Movie_628,5.0,,5.0,>=9,767972
948,574,User_574,Movie_948,9.0,,9.0,>=9,858201
301,142,User_142,Movie_301,6.0,,6.0,>=9,309699
653,144,User_144,Movie_653,8.0,,8.0,>=9,938569
995,224,User_224,Movie_995,9.0,,9.0,>=9,100559
459,502,User_502,Movie_459,5.0,,5.0,>=9,952681
400,103,User_103,Movie_400,7.0,,7.0,>=9,137361
550,38,User_38,Movie_550,9.0,,9.0,>=9,967152
392,197,User_197,Movie_392,6.0,,6.0,>=9,901693
866,578,User_578,Movie_866,1.0,,1.0,>=9,906804
763,390,User_390,Movie_763,1.0,,1.0,>=9,417499
844,178,User_178,Movie_844,9.0,,9.0,>=9,853036
206,553,User_553,Movie_206,8.0,,8.0,>=9,460704
209,447,User_447,Movie_209,7.0,,7.0,>=9,813280
114,499,User_499,Movie_114,7.0,,7.0,>=9,343950
736,14,User_14,Movie_736,10.0,,10.0,>=9,525760
645,288,User_288,Movie_645,6.0,,6.0,>=9,100037
250,477,User_477,Movie_250,7.0,,7.0,>=9,798392
218,230,User_230,Movie_218,2.0,,2.0,>=9,571449
406,419,User_419,Movie_406,8.0,,8.0,>=9,403564
442,156,User_156,Movie_442,9.0,,9.0,>=9,607450
602,549,User_549,Movie_602,8.0,,8.0,>=9,721531
353,440,User_440,Movie_353,7.0,,7.0,>=9,753668
887,96,User_96,Movie_887,4.0,,4.0,>=9,358430
557,410,User_410,Movie_557,7.0,,7.0,>=9,658888
549,288,User_288,Movie_549,7.0,,7.0,>=9,803645
141,253,User_253,Movie_141,7.0,,7.0,>=9,817368
611,195,User_195,Movie_611,8.0,,8.0,>=9,975952
500,597,User_597,Movie_500,9.0,,9.0,>=9,891599
839,521,User_521,Movie_839,7.0,,7.0,>=9,357351
701,516,User_516,Movie_701,8.0,,8.0,>=9,624720
546,117,User_117,Movie_546,5.0,,5.0,>=9,885838
658,158,User_158,Movie_658,8.0,,8.0,>=9,693975
541,227,User_227,Movie_541,10.0,,10.0,>=9,868576
845,215,User_215,Movie_845,3.0,,3.0,>=9,958379
506,14,User_14,Movie_506,10.0,,10.0,>=9,982756
595,156,User_156,Movie_595,9.0,,9.0,>=9,937335
880,260,User_260,Movie_880,7.0,,7.0,>=9,585375
280,156,User_156,Movie_280,6.0,,6.0,>=9,285221
423,46,User_46,Movie_423,8.0,,8.0,>=9,843000
855,323,User_323,Movie_855,7.0,,7.0,>=9,287840
269,129,User_129,Movie_269,4.0,,4.0,>=9,553400
153,410,User_410,Movie_153,8.0,,8.0,>=9,952224
613,94,User_94,Movie_613,9.0,,9.0,>=9,395583
726,291,User_291,Movie_726,10.0,,10.0,>=9,264329
661,282,User_282,Movie_661,9.0,,9.0,>=9,275746
943,68,User_68,Movie_943,8.0,,8.0,>=9,413392
82,10,User_10,Movie_82,9.0,,9.0,>=9,576818
621,253,User_253,Movie_621,2.0,,2.0,>=9,800731
946,549,User_549,Movie_946,8.0,,8.0,>=9,853642
898,133,User_133,Movie_898,6.0,,6.0,>=9,561212
425,22,User_22,Movie_425,9.0,,9.0,>=9,792657
274,345,User_345,Movie_274,6.0,,6.0,>=9,554472
712,301,User_301,Movie_712,8.0,,8.0,>=9,659031
283,362,User_362,Movie_283,8.0,,8.0,>=9,299824
979,395,User_395,Movie_979,9.0,,9.0,>=9,704091
172,217,User_217,Movie_172,9.0,,9.0,>=9,961549
326,140,User_140,Movie_326,8.0,,8.0,>=9,301123
717,209,User_209,Movie_717,9.0,,9.0,>=9,122076
62,459,User_459,Movie_62,7.0,,7.0,>=9,341424
72,355,User_355,Movie_72,4.0,,4.0,>=9,306384
762,323,User_323,Movie_762,8.0,,8.0,>=9,350699
635,132,User_132,Movie_635,9.0,,9.0,>=9,973915
374,126,User_126,Movie_374,9.0,,9.0,>=9,758323
632,105,User_105,Movie_632,10.0,,10.0,>=9,481361
507,377,User_377,Movie_507,7.0,,7.0,>=9,244938
786,50,User_50,Movie_786,9.0,,9.0,>=9,990936
942,28,User_28,Movie_942,9.0,,9.0,>=9,263377
397,461,User_461,Movie_397,5.0,,5.0,>=9,313968
119,295,User_295,Movie_119,10.0,,10.0,>=9,992081
933,296,User_296,Movie_933,7.0,,7.0,>=9,488388
436,406,User_406,Movie_436,9.0,,9.0,>=9,394957
828,404,User_404,Movie_828,2.0,,2.0,>=9,953161
675,345,User_345,Movie_675,8.0,,8.0,>=9,890944
935,419,User_419,Movie_935,7.0,,7.0,>=9,350703
464,181,User_181,Movie_464,8.0,,8.0,>=9,515882
285,0,User_0,Movie_285,8.0,,8.0,>=9,247702
264,566,User_566,Movie_264,8.0,,8.0,>=9,217907
319,370,User_370,Movie_319,3.0,,3.0,>=9,305591
672,430,User_430,Movie_672,10.0,,10.0,>=9,493852
375,308,User_308,Movie_375,1.0,,1.0,>=9,688879
819,136,User_136,Movie_819,8.0,,8.0,>=9,623869
88,201,User_201,Movie_88,9.0,,9.0,>=9,309633
653,435,User_435,Movie_653,8.0,,8.0,>=9,568032
202,312,User_312,Movie_202,6.0,,6.0,>=9,857847
820,116,User_116,Movie_820,3.0,,3.0,>=9,897783
738,574,User_574,Movie_738,3.0,,3.0,>=9,744821
954,243,User_243,Movie_954,2.0,,2.0,>=9,727915
333,536,User_536,Movie_333,7.0,,7.0,>=9,548400
221,74,User_74,Movie_221,8.0,,8.0,>=9,228381
40,385,User_385,Movie_40,8.0,,8.0,>=9,866552
707,209,User_209,Movie_707,3.0,,3.0,>=9,457851
67,474,User_474,Movie_67,7.0,,7.0,>=9,443822
987,417,User_417,Movie_987,8.0,,8.0,>=9,697597
775,346,User_346,Movie_775,8.0,,8.0,>=9,849362
513,528,User_528,Movie_513,7.0,,7.0,>=9,897210
872,178,User_178,Movie_872,3.0,,3.0,>=9,767861
636,181,User_181,Movie_636,8.0,,8.0,>=9,999145
621,24,User_24,Movie_621,7.0,,7.0,>=9,588121
597,179,User_179,Movie_597,10.0,,10.0,>=9,136382
936,500,User_500,Movie_936,10.0,,10.0,>=9,846714
631,160,User_160,Movie_631,9.0,,9.0,>=9,962219
126,176,User_176,Movie_126,7.0,,7.0,>=9,123341
254,284,User_284,Movie_254,3.0,,3.0,>=9,769727
694,62,User_62,Movie_694,3.0,,3.0,>=9,326280
15,155,User_155,Movie_15,9.0,,9.0,>=9,755354
476,468,User_468,Movie_476,9.0,,9.0,>=9,300940
61,48,User_48,Movie_61,1.0,,1.0,>=9,505218
880,83,User_83,Movie_880,9.0,,9.0,>=9,883540
431,360,User_360,Movie_431,7.0,,7.0,>=9,710108
669,147,User_147,Movie_669,9.0,,9.0,>=9,159949
267,341,User_341,Movie_267,9.0,,9.0,>=9,508916
34,475,User_475,Movie_34,8.0,,8.0,>=9,834665
778,62,User_62,Movie_778,4.0,,4.0,>=9,686831
575,359,User_359,Movie_575,9.0,,9.0,>=9,583075
493,560,User_560,Movie_493,8.0,,8.0,>=9,914042
561,326,User_326,Movie_561,8.0,,8.0,>=9,886166
468,140,User_140,Movie_468,6.0,,6.0,>=9,612472
766,214,User_214,Movie_766,9.0,,9.0,>=9,828734
660,434,User_434,Movie_660,6.0,,6.0,>=9,427370
324,317,User_317,Movie_324,8.0,,8.0,>=9,931599
303,31,User_31,Movie_303,7.0,,7.0,>=9,308851
275,284,User_284,Movie_275,4.0,,4.0,>=9,259011
868,304,User_304,Movie_868,3.0,,3.0,>=9,554581
962,428,User_428,Movie_962,8.0,,8.0,>=9,167381
683,476,User_476,Movie_683,7.0,,7.0,>=9,933142
928,285,User_285,Movie_928,9.0,,9.0,>=9,378910
200,143,User_143,Movie_200,9.0,,9.0,>=9,202416
444,423,User_423,Movie_444,7.0,,7.0,>=9,637068
904,18,User_18,Movie_904,7.0,,7.0,>=9,148458
323,17,User_17,Movie_323,7.0,,7.0,>=9,942653
34,589,User_589,Movie_34,1.0,,1.0,>=9,611714
976,370,User_370,Movie_976,4.0,,4.0,>=9,601608
481,174,User_174,Movie_481,5.0,,5.0,>=9,887941
727,193,User_193,Movie_727,10.0,,10.0,>=9,451637
479,501,User_501,Movie_479,8.0,,8.0,>=9,527562
64,112,User_112,Movie_64,8.0,,8.0,>=9,277946
7,113,User_113,Movie_7,7.0,,7.0,>=9,131533
300,221,User_221,Movie_300,9.0,,9.0,>=9,994576
342,263,User_263,Movie_342,10.0,,10.0,>=9,484546
430,54,User_54,Movie_430,9.0,,9.0,>=9,964899
423,457,User_457,Movie_423,2.0,,2.0,>=9,363503
331,161,User_161,Movie_331,9.0,,9.0,>=9,219119
437,379,User_379,Movie_437,6.0,,6.0,>=9,321140
587,86,User_86,Movie_587,7.0,,7.0,>=9,382488
173,54,User_54,Movie_173,6.0,,6.0,>=9,431922
558,475,User_475,Movie_558,7.0,,7.0,>=9,382745
526,177,User_177,Movie_526,7.0,,7.0,>=9,345840
872,390,User_390,Movie_872,7.0,,7.0,>=9,812345
658,348,User_348,Movie_658,8.0,,8.0,>=9,463157
25,7,User_7,Movie_25,10.0,,10.0,>=9,872470
819,312,User_312,Movie_819,9.0,,9.0,>=9,611545
604,442,User_442,Movie_604,9.0,,9.0,>=9,392926
405,327,User_327,Movie_405,3.0,,3.0,>=9,735383
231,53,User_53,Movie_231,9.0,,9.0,>=9,543035
532,238,User_238,Movie_532,7.0,,7.0,>=9,459267
818,228,User_228,Movie_818,9.0,,9.0,>=9,930890
549,578,User_578,Movie_549,2.0,,2.0,>=9,763440
787,50,User_50,Movie_787,3.0,,3.0,>=9,789317
504,263,User_263,Movie_504,7.0,,7.0,>=9,507124
668,417,User_417,Movie_668,9.0,,9.0,>=9,458332
178,95,User_95,Movie_178,2.0,,2.0,>=9,851240
131,87,User_87,Movie_131,8.0,,8.0,>=9,221292
822,77,User_77,Movie_822,10.0,,10.0,>=9,190570
454,287,User_287,Movie_454,7.0,,7.0,>=9,584540
347,119,User_119,Movie_347,3.0,,3.0,>=9,223791
539,490,User_490,Movie_539,4.0,,4.0,>=9,592545
771,451,User_451,Movie_771,7.0,,7.0,>=9,615689
405,499,User_499,Movie_405,10.0,,10.0,>=9,984807
75,164,User_164,Movie_75,6.0,,6.0,>=9,662602
940,181,User_181,Movie_940,9.0,,9.0,>=9,856349
578,468,User_468,Movie_578,3.0,,3.0,>=9,830281
853,6,User_6,Movie_853,9.0,,9.0,>=9,576984
491,329,User_329,Movie_491,9.0,,9.0,>=9,471024
193,150,User_150,Movie_193,10.0,,10.0,>=9,462470
983,84,User_84,Movie_983,10.0,,10.0,>=9,246903
161,146,User_146,Movie_161,6.0,,6.0,>=9,948883
346,380,User_380,Movie_346,9.0,,9.0,>=9,145708
950,547,User_547,Movie_950,9.0,,9.0,>=9,904114
360,284,User_284,Movie_360,9.0,,9.0,>=9,464550
768,81,User_81,Movie_768,7.0,,7.0,>=9,576040
583,513,User_513,Movie_583,9.0,,9.0,>=9,266866
86,522,User_522,Movie_86,10.0,,10.0,>=9,421516
933,385,User_385,Movie_933,3.0,,3.0,>=9,663765
261,470,User_470,Movie_261,3.0,,3.0,>=9,583157
213,118,User_118,Movie_213,3.0,,3.0,>=9,269809
664,395,User_395,Movie_664,10.0,,10.0,>=9,233692
721,531,User_531,Movie_721,1.0,,1.0,>=9,594166
912,260,User_260,Movie_912,8.0,,8.0,>=9,858529
572,255,User_255,Movie_572,6.0,,6.0,>=9,877393
779,225,User_225,Movie_779,8.0,,8.0,>=9,266129
261,52,User_52,Movie_261,9.0,,9.0,>=9,834750
729,499,User_499,Movie_729,9.0,,9.0,>=9,153024
282,505,User_505,Movie_282,8.0,,8.0,>=9,502893
647,363,User_363,Movie_647,6.0,,6.0,>=9,275183
466,279,User_279,Movie_466,8.0,,8.0,>=9,255146
379,592,User_592,Movie_379,8.0,,8.0,>=9,642112
361,157,User_157,Movie_361,10.0,,10.0,>=9,618534
448,58,User_58,Movie_448,9.0,,9.0,>=9,983583
440,127,User_127,Movie_440,1.0,,1.0,>=9,148926
92,114,User_114,Movie_92,5.0,,5.0,>=9,267932
620,208,User_208,Movie_620,8.0,,8.0,>=9,375119
752,525,User_525,Movie_752,8.0,,8.0,>=9,961309
866,520,User_520,Movie_866,6.0,,6.0,>=9,849037
423,551,User_551,Movie_423,1.0,,1.0,>=9,964302
141,236,User_236,Movie_141,10.0,,10.0,>=9,869741
290,280,User_280,Movie_290,8.0,,8.0,>=9,705659
431,358,User_358,Movie_431,8.0,,8.0,>=9,781908
748,200,User_200,Movie_748,8.0,,8.0,>=9,463114
851,277,User_277,Movie_851,9.0,,9.0,>=9,583791
823,234,User_234,Movie_823,4.0,,4.0,>=9,722354
688,493,User_493,Movie_688,9.0,,9.0,>=9,794096
652,3,User_3,Movie_652,9.0,,9.0,>=9,161562
700,441,User_441,Movie_700,5.0,,5.0,>=9,402553
997,28,User_28,Movie_997,2.0,,2.0,>=9,896266
48,108,User_108,Movie_48,7.0,,7.0,>=9,726480
301,74,User_74,Movie_301,8.0,,8.0,>=9,625128
880,145,User_145,Movie_880,7.0,,7.0,>=9,834769
189,127,User_127,Movie_189,3.0,,3.0,>=9,131568
135,41,User_41,Movie_135,9.0,,9.0,>=9,897278
554,355,User_355,Movie_554,3.0,,3.0,>=9,761259
403,40,User_40,Movie_403,6.0,,6.0,>=9,710326
891,33,User_33,Movie_891,8.0,,8.0,>=9,297173
864,16,User_16,Movie_864,10.0,,10.0,>=9,229789
601,152,User_152,Movie_601,10.0,,10.0,>=9,469604
806,377,User_377,Movie_806,8.0,,8.0,>=9,601994
340,587,User_587,Movie_340,8.0,,8.0,>=9,174723
756,598,User_598,Movie_756,6.0,,6.0,>=9,863043
944,341,User_341,Movie_944,5.0,,5.0,>=9,466338
703,26,User_26,Movie_703,9.0,,9.0,>=9,997849
317,286,User_286,Movie_317,9.0,,9.0,>=9,865110
617,167,User_167,Movie_617,7.0,,7.0,>=9,681176
362,267,User_267,Movie_362,8.0,,8.0,>=9,928048
821,454,User_454,Movie_821,9.0,,9.0,>=9,807494
381,400,User_400,Movie_381,10.0,,10.0,>=9,584441
232,475,User_475,Movie_232,5.0,,5.0,>=9,892515
776,557,User_557,Movie_776,7.0,,7.0,>=9,767958
343,575,User_575,Movie_343,8.0,,8.0,>=9,444620
548,129,User_129,Movie_548,7.0,,7.0,>=9,192416
816,362,User_362,Movie_816,7.0,,7.0,>=9,889012
552,291,User_291,Movie_552,10.0,,10.0,>=9,747122
528,370,User_370,Movie_528,4.0,,4.0,>=9,736436
855,28,User_28,Movie_855,1.0,,1.0,>=9,812755
788,148,User_148,Movie_788,9.0,,9.0,>=9,928753
818,295,User_295,Movie_818,9.0,,9.0,>=9,895818
570,10,User_10,Movie_570,6.0,,6.0,>=9,415315
934,511,User_511,Movie_934,9.0,,9.0,>=9,250594
182,112,User_112,Movie_182,8.0,,8.0,>=9,820892
40,186,User_186,Movie_40,8.0,,8.0,>=9,584976
550,226,User_226,Movie_550,8.0,,8.0,>=9,133545
396,309,User_309,Movie_396,6.0,,6.0,>=9,285151
703,97,User_97,Movie_703,9.0,,9.0,>=9,913287
778,54,User_54,Movie_778,8.0,,8.0,>=9,135790
493,405,User_405,Movie_493,7.0,,7.0,>=9,675300
658,68,User_68,Movie_658,7.0,,7.0,>=9,217827
906,311,User_311,Movie_906,4.0,,4.0,>=9,360123
332,288,User_288,Movie_332,7.0,,7.0,>=9,114260
126,547,User_547,Movie_126,6.0,,6.0,>=9,296211
557,147,User_147,Movie_557,8.0,,8.0,>=9,887506
556,466,User_466,Movie_556,3.0,,3.0,>=9,535892
0,243,User_243,Movie_0,9.0,,9.0,>=9,240547
167,490,User_490,Movie_167,6.0,,6.0,>=9,309486
619,506,User_506,Movie_619,6.0,,6.0,>=9,246192
18,364,User_364,Movie_18,8.0,,8.0,>=9,516363
331,481,User_481,Movie_331,3.0,,3.0,>=9,364130
583,200,User_200,Movie_583,9.0,,9.0,>=9,864489
455,153,User_153,Movie_455,1.0,,1.0,>=9,787790
956,449,User_449,Movie_956,2.0,,2.0,>=9,862857
108,500,User_500,Movie_108,4.0,,4.0,>=9,155479
267,72,User_72,Movie_267,8.0,,8.0,>=9,576182
444,295,User_295,Movie_444,8.0,,8.0,>=9,492977
239,16,User_16,Movie_239,8.0,,8.0,>=9,364320
928,216,User_216,Movie_928,7.0,,7.0,>=9,708546
300,60,User_60,Movie_300,6.0,,6.0,>=9,339423
601,41,User_41,Movie_601,9.0,,9.0,>=9,477332
102,24,User_24,Movie_102,9.0,,9.0,>=9,184153
987,38,User_38,Movie_987,8.0,,8.0,>=9,817278
249,130,User_130,Movie_249,3.0,,3.0,>=9,883930
452,497,User_497,Movie_452,9.0,,9.0,>=9,520331
519,228,User_228,Movie_519,3.0,,3.0,>=9,858272
152,107,User_107,Movie_152,9.0,,9.0,>=9,177442
858,171,User_171,Movie_858,3.0,,3.0,>=9,926434
173,434,User_434,Movie_173,7.0,,7.0,>=9,157124
342,477,User_477,Movie_342,8.0,,8.0,>=9,411896
669,101,User_101,Movie_669,5.0,,5.0,>=9,359488
430,523,User_523,Movie_430,7.0,,7.0,>=9,178947
726,274,User_274,Movie_726,4.0,,4.0,>=9,961148
688,43,User_43,Movie_688,7.0,,7.0,>=9,541209
686,16,User_16,Movie_686,9.0,,9.0,>=9,896505
851,329,User_329,Movie_851,10.0,,10.0,>=9,923683
849,568,User_568,Movie_849,10.0,,10.0,>=9,196496
657,496,User_496,Movie_657,9.0,,9.0,>=9,826797
961,11,User_11,Movie_961,7.0,,7.0,>=9,925329
323,317,User_317,Movie_323,7.0,,7.0,>=9,413760
989,591,User_591,Movie_989,9.0,,9.0,>=9,362037
672,215,User_215,Movie_672,2.0,,2.0,>=9,601935
638,338,User_338,Movie_638,2.0,,2.0,>=9,890914
419,80,User_80,Movie_419,8.0,,8.0,>=9,470134
593,484,User_484,Movie_593,9.0,,9.0,>=9,322036
484,373,User_373,Movie_484,9.0,,9.0,>=9,566152
658,199,User_199,Movie_658,9.0,,9.0,>=9,794934
750,536,User_536,Movie_750,2.0,,2.0,>=9,929716
411,465,User_465,Movie_411,5.0,,5.0,>=9,435076
935,88,User_88,Movie_935,9.0,,9.0,>=9,369482
83,267,User_267,Movie_83,3.0,,3.0,>=9,273790
112,570,User_570,Movie_112,6.0,,6.0,>=9,243572
736,488,User_488,Movie_736,3.0,,3.0,>=9,242617
331,537,User_537,Movie_331,9.0,,9.0,>=9,685768
377,46,User_46,Movie_377,10.0,,10.0,>=9,760601
754,287,User_287,Movie_754,7.0,,7.0,>=9,320386
654,15,User_15,Movie_654,9.0,,9.0,>=9,104695
40,400,User_400,Movie_40,8.0,,8.0,>=9,832426
934,85,User_85,Movie_934,3.0,,3.0,>=9,638606
769,249,User_249,Movie_769,10.0,,10.0,>=9,937366
958,390,User_390,Movie_958,6.0,,6.0,>=9,515547
796,334,User_334,Movie_796,8.0,,8.0,>=9,483426
104,518,User_518,Movie_104,7.0,,7.0,>=9,808032
201,136,User_136,Movie_201,9.0,,9.0,>=9,191891
449,497,User_497,Movie_449,7.0,,7.0,>=9,570076
818,476,User_476,Movie_818,7.0,,7.0,>=9,849045
842,593,User_593,Movie_842,8.0,,8.0,>=9,168754
972,222,User_222,Movie_972,10.0,,10.0,>=9,972109
265,371,User_371,Movie_265,7.0,,7.0,>=9,988752
909,401,User_401,Movie_909,3.0,,3.0,>=9,496053
209,442,User_442,Movie_209,7.0,,7.0,>=9,487405
562,489,User_489,Movie_562,9.0,,9.0,>=9,613904
117,272,User_272,Movie_117,8.0,,8.0,>=9,467482
712,525,User_525,Movie_712,10.0,,10.0,>=9,664365
376,158,User_158,Movie_376,7.0,,7.0,>=9,442059
550,151,User_151,Movie_550,9.0,,9.0,>=9,759599
539,187,User_187,Movie_539,7.0,,7.0,>=9,341504
770,97,User_97,Movie_770,7.0,,7.0,>=9,391813
83,130,User_130,Movie_83,9.0,,9.0,>=9,935056
453,170,User_170,Movie_453,4.0,,4.0,>=9,961579
666,182,User_182,Movie_666,3.0,,3.0,>=9,759510
628,363,User_363,Movie_628,8.0,,8.0,>=9,766469
513,38,User_38,Movie_513,9.0,,9.0,>=9,855110
604,526,User_526,Movie_604,2.0,,2.0,>=9,781376
677,496,User_496,Movie_677,2.0,,2.0,>=9,767296
386,515,User_515,Movie_386,8.0,,8.0,>=9,242108
911,348,User_348,Movie_911,8.0,,8.0,>=9,245093
349,396,User_396,Movie_349,8.0,,8.0,>=9,613694
295,160,User_160,Movie_295,10.0,,10.0,>=9,923375
257,15,User_15,Movie_257,7.0,,7.0,>=9,213694
80,492,User_492,Movie_80,7.0,,7.0,>=9,334456
936,425,User_425,Movie_936,8.0,,8.0,>=9,312079
267,107,User_107,Movie_267,8.0,,8.0,>=9,344269
418,449,User_449,Movie_418,3.0,,3.0,>=9,543232
234,310,User_310,Movie_234,7.0,,7.0,>=9,516460
832,169,User_169,Movie_832,10.0,,10.0,>=9,556243
310,545,User_545,Movie_310,7.0,,7.0,>=9,869673
812,413,User_413,Movie_812,10.0,,10.0,>=9,223351
974,250,User_250,Movie_974,5.0,,5.0,>=9,401129
985,140,User_140,Movie_985,7.0,,7.0,>=9,940268
356,273,User_273,Movie_356,9.0,,9.0,>=9,986146
212,415,User_415,Movie_212,10.0,,10.0,>=9,628058
573,38,User_38,Movie_573,7.0,,7.0,>=9,929297
48,28,User_28,Movie_48,3.0,,3.0,>=9,153811
126,476,User_476,Movie_126,10.0,,10.0,>=9,366145
222,317,User_317,Movie_222,8.0,,8.0,>=9,685136
920,244,User_244,Movie_920,4.0,,4.0,>=9,152635
278,271,User_271,Movie_278,9.0,,9.0,>=9,120946
407,439,User_439,Movie_407,5.0,,5.0,>=9,720140
504,238,User_238,Movie_504,4.0,,4.0,>=9,453247
293,376,User_376,Movie_293,8.0,,8.0,>=9,585260
795,265,User_265,Movie_795,7.0,,7.0,>=9,930176
276,358,User_358,Movie_276,2.0,,2.0,>=9,217729
437,339,User_339,Movie_437,1.0,,1.0,>=9,794519
106,388,User_388,Movie_106,8.0,,8.0,>=9,385815
657,576,User_576,Movie_657,6.0,,6.0,>=9,771810
419,2,User_2,Movie_419,7.0,,7.0,>=9,550491
610,428,User_428,Movie_610,2.0,,2.0,>=9,528734
428,141,User_141,Movie_428,7.0,,7.0,>=9,419957
374,375,User_375,Movie_374,8.0,,8.0,>=9,196748
72,323,User_323,Movie_72,9.0,,9.0,>=9,863580
948,145,User_145,Movie_948,7.0,,7.0,>=9,500022
997,292,User_292,Movie_997,7.0,,7.0,>=9,729021
633,431,User_431,Movie_633,9.0,,9.0,>=9,226865
29,584,User_584,Movie_29,7.0,,7.0,>=9,445695
187,398,User_398,Movie_187,6.0,,6.0,>=9,401364
363,343,User_343,Movie_363,7.0,,7.0,>=9,379302
865,139,User_139,Movie_865,10.0,,10.0,>=9,967424
799,186,User_186,Movie_799,9.0,,9.0,>=9,686864
450,60,User_60,Movie_450,4.0,,4.0,>=9,974459
194,379,User_379,Movie_194,8.0,,8.0,>=9,255260
155,439,User_439,Movie_155,9.0,,9.0,>=9,323687
171,318,User_318,Movie_171,8.0,,8.0,>=9,420974
846,301,User_301,Movie_846,9.0,,9.0,>=9,759379
40,343,User_343,Movie_40,9.0,,9.0,>=9,112419
62,10,User_10,Movie_62,9.0,,9.0,>=9,657985
22,61,User_61,Movie_22,7.0,,7.0,>=9,447076
359,225,User_225,Movie_359,6.0,,6.0,>=9,481856
74,152,User_152,Movie_74,4.0,,4.0,>=9,597784
559,563,User_563,Movie_559,10.0,,10.0,>=9,719716
671,570,User_570,Movie_671,8.0,,8.0,>=9,763333
824,583,User_583,Movie_824,9.0,,9.0,>=9,863361
117,574,User_574,Movie_117,10.0,,10.0,>=9,710937
611,309,User_309,Movie_611,7.0,,7.0,>=9,484793
379,242,User_242,Movie_379,2.0,,2.0,>=9,373280
928,492,User_492,Movie_928,3.0,,3.0,>=9,971171
919,365,User_365,Movie_919,9.0,,9.0,>=9,948934
678,329,User_329,Movie_678,9.0,,9.0,>=9,262357
289,106,User_106,Movie_289,10.0,,10.0,>=9,909471
439,225,User_225,Movie_439,10.0,,10.0,>=9,953152
667,217,User_217,Movie_667,9.0,,9.0,>=9,223168
932,505,User_505,Movie_932,3.0,,3.0,>=9,712551
6,258,User_258,Movie_6,7.0,,7.0,>=9,159155
195,516,User_516,Movie_195,4.0,,4.0,>=9,116911
420,53,User_53,Movie_420,9.0,,9.0,>=9,625204
567,46,User_46,Movie_567,7.0,,7.0,>=9,945484
832,520,User_520,Movie_832,3.0,,3.0,>=9,562326
192,98,User_98,Movie_192,10.0,,10.0,>=9,856983
558,19,User_19,Movie_558,8.0,,8.0,>=9,379934
147,572,User_572,Movie_147,9.0,,9.0,>=9,576377
786,489,User_489,Movie_786,8.0,,8.0,>=9,498422
668,418,User_418,Movie_668,2.0,,2.0,>=9,221937
201,61,User_61,Movie_201,8.0,,8.0,>=9,185053
443,144,User_144,Movie_443,3.0,,3.0,>=9,412094
913,215,User_215,Movie_913,3.0,,3.0,>=9,478355
987,2,User_2,Movie_987,3.0,,3.0,>=9,942793
418,159,User_159,Movie_418,8.0,,8.0,>=9,947883
426,119,User_119,Movie_426,2.0,,2.0,>=9,399840
478,88,User_88,Movie_478,4.0,,4.0,>=9,574857
474,328,User_328,Movie_474,10.0,,10.0,>=9,726683
125,579,User_579,Movie_125,10.0,,10.0,>=9,933160
394,356,User_356,Movie_394,7.0,,7.0,>=9,417545
816,266,User_266,Movie_816,10.0,,10.0,>=9,297298
880,322,User_322,Movie_880,9.0,,9.0,>=9,649391
805,540,User_540,Movie_805,7.0,,7.0,>=9,527479
575,194,User_194,Movie_575,6.0,,6.0,>=9,882065
324,331,User_331,Movie_324,2.0,,2.0,>=9,569837
391,169,User_169,Movie_391,7.0,,7.0,>=9,412188
929,520,User_520,Movie_929,4.0,,4.0,>=9,682018
687,462,User_462,Movie_687,10.0,,10.0,>=9,125825
627,39,User_39,Movie_627,4.0,,4.0,>=9,831616
439,536,User_536,Movie_439,9.0,,9.0,>=9,597393
203,260,User_260,Movie_203,9.0,,9.0,>=9,137271
485,394,User_394,Movie_485,7.0,,7.0,>=9,177256
832,225,User_225,Movie_832,3.0,,3.0,>=9,539948
30,123,User_123,Movie_30,9.0,,9.0,>=9,166433
387,37,User_37,Movie_387,4.0,,4.0,>=9,837990
624,327,User_327,Movie_624,3.0,,3.0,>=9,201999
876,250,User_250,Movie_876,6.0,,6.0,>=9,856350
433,175,User_175,Movie_433,8.0,,8.0,>=9,647860
836,453,User_453,Movie_836,9.0,,9.0,>=9,662834
925,36,User_36,Movie_925,7.0,,7.0,>=9,940597
375,315,User_315,Movie_375,2.0,,2.0,>=9,950122
343,592,User_592,Movie_343,9.0,,9.0,>=9,546880
442,113,User_113,Movie_442,7.0,,7.0,>=9,575551
578,39,User_39,Movie_578,4.0,,4.0,>=9,830559
74,300,User_300,Movie_74,9.0,,9.0,>=9,621727
556,223,User_223,Movie_556,3.0,,3.0,>=9,136948
771,317,User_317,Movie_771,8.0,,8.0,>=9,913439
665,348,User_348,Movie_665,8.0,,8.0,>=9,725107
154,114,User_114,Movie_154,7.0,,7.0,>=9,453351
429,322,User_322,Movie_429,6.0,,6.0,>=9,584137
362,567,User_567,Movie_362,10.0,,10.0,>=9,963204
447,39,User_39,Movie_447,7.0,,7.0,>=9,646312
986,39,User_39,Movie_986,9.0,,9.0,>=9,867768
233,288,User_288,Movie_233,10.0,,10.0,>=9,707200
562,261,User_261,Movie_562,7.0,,7.0,>=9,879521
817,215,User_215,Movie_817,7.0,,7.0,>=9,333746
261,146,User_146,Movie_261,9.0,,9.0,>=9,511373
826,335,User_335,Movie_826,10.0,,10.0,>=9,885427
124,167,User_167,Movie_124,10.0,,10.0,>=9,971913
910,91,User_91,Movie_910,8.0,,8.0,>=9,595336
244,352,User_352,Movie_244,9.0,,9.0,>=9,450697
541,570,User_570,Movie_541,7.0,,7.0,>=9,757116
937,570,User_570,Movie_937,10.0,,10.0,>=9,331749
484,362,User_362,Movie_484,10.0,,10.0,>=9,726776
121,556,User_556,Movie_121,4.0,,4.0,>=9,721029
124,344,User_344,Movie_124,7.0,,7.0,>=9,813411
548,169,User_169,Movie_548,7.0,,7.0,>=9,331773
169,355,User_355,Movie_169,7.0,,7.0,>=9,440354
123,190,User_190,Movie_123,7.0,,7.0,>=9,274166
868,421,User_421,Movie_868,3.0,,3.0,>=9,602066
34,6,User_6,Movie_34,9.0,,9.0,>=9,843249
86,132,User_132,Movie_86,8.0,,8.0,>=9,497751
645,556,User_556,Movie_645,6.0,,6.0,>=9,549251
707,30,User_30,Movie_707,8.0,,8.0,>=9,616031
785,534,User_534,Movie_785,10.0,,10.0,>=9,147367
200,425,User_425,Movie_200,9.0,,9.0,>=9,862832
368,393,User_393,Movie_368,8.0,,8.0,>=9,553028
796,362,User_362,Movie_796,7.0,,7.0,>=9,684172
76,436,User_436,Movie_76,10.0,,10.0,>=9,559384
58,550,User_550,Movie_58,9.0,,9.0,>=9,768640
430,81,User_81,Movie_430,7.0,,7.0,>=9,507962
637,355,User_355,Movie_637,6.0,,6.0,>=9,464716
499,257,User_257,Movie_499,5.0,,5.0,>=9,677539
912,588,User_588,Movie_912,6.0,,6.0,>=9,184821
108,523,User_523,Movie_108,3.0,,3.0,>=9,707871
735,294,User_294,Movie_735,7.0,,7.0,>=9,344697
277,223,User_223,Movie_277,8.0,,8.0,>=9,110207
67,524,User_524,Movie_67,10.0,,10.0,>=9,826487
68,45,User_45,Movie_68,8.0,,8.0,>=9,127757
164,112,User_112,Movie_164,9.0,,9.0,>=9,554623
488,232,User_232,Movie_488,8.0,,8.0,>=9,775616
304,16,User_16,Movie_304,9.0,,9.0,>=9,920254
908,359,User_359,Movie_908,1.0,,1.0,>=9,362070
673,222,User_222,Movie_673,9.0,,9.0,>=9,141340
364,447,User_447,Movie_364,7.0,,7.0,>=9,342955
853,364,User_364,Movie_853,8.0,,8.0,>=9,929783
820,325,User_325,Movie_820,9.0,,9.0,>=9,992743
378,466,User_466,Movie_378,6.0,,6.0,>=9,699608
342,413,User_413,Movie_342,8.0,,8.0,>=9,464709
946,454,User_454,Movie_946,3.0,,3.0,>=9,528373
898,585,User_585,Movie_898,4.0,,4.0,>=9,382081
553,232,User_232,Movie_553,8.0,,8.0,>=9,373363
353,223,User_223,Movie_353,10.0,,10.0,>=9,109399
415,411,User_411,Movie_415,4.0,,4.0,>=9,751021
108,571,User_571,Movie_108,8.0,,8.0,>=9,854208
562,334,User_334,Movie_562,9.0,,9.0,>=9,906479
761,221,User_221,Movie_761,8.0,,8.0,>=9,331615
496,36,User_36,Movie_496,9.0,,9.0,>=9,709981
340,277,User_277,Movie_340,8.0,,8.0,>=9,725219
941,195,User_195,Movie_941,10.0,,10.0,>=9,800251
382,483,User_483,Movie_382,8.0,,8.0,>=9,237852
532,241,User_241,Movie_532,9.0,,9.0,>=9,389194
299,323,User_323,Movie_299,9.0,,9.0,>=9,697839
138,191,User_191,Movie_138,8.0,,8.0,>=9,430810
358,16,User_16,Movie_358,7.0,,7.0,>=9,848979
835,523,User_523,Movie_835,6.0,,6.0,>=9,706304
498,400,User_400,Movie_498,6.0,,6.0,>=9,737423
384,21,User_21,Movie_384,10.0,,10.0,>=9,153010
603,473,User_473,Movie_603,7.0,,7.0,>=9,332084
958,119,User_119,Movie_958,3.0,,3.0,>=9,662453
279,209,User_209,Movie_279,5.0,,5.0,>=9,373672
636,305,User_305,Movie_636,7.0,,7.0,>=9,280680
482,269,User_269,Movie_482,9.0,,9.0,>=9,499130
908,284,User_284,Movie_908,8.0,,8.0,>=9,661424
110,226,User_226,Movie_110,8.0,,8.0,>=9,448152
865,380,User_380,Movie_865,7.0,,7.0,>=9,636364
138,459,User_459,Movie_138,10.0,,10.0,>=9,780143
995,6,User_6,Movie_995,10.0,,10.0,>=9,802076
434,28,User_28,Movie_434,10.0,,10.0,>=9,674586
508,32,User_32,Movie_508,8.0,,8.0,>=9,940736
272,78,User_78,Movie_272,9.0,,9.0,>=9,965792
98,458,User_458,Movie_98,7.0,,7.0,>=9,169835
763,569,User_569,Movie_763,6.0,,6.0,>=9,622757
849,537,User_537,Movie_849,2.0,,2.0,>=9,736712
103,481,User_481,Movie_103,3.0,,3.0,>=9,763478
213,429,User_429,Movie_213,6.0,,6.0,>=9,354394
760,284,User_284,Movie_760,8.0,,8.0,>=9,419055
663,515,User_515,Movie_663,8.0,,8.0,>=9,203088
761,98,User_98,Movie_761,8.0,,8.0,>=9,639473
786,396,User_396,Movie_786,6.0,,6.0,>=9,674901
164,488,User_488,Movie_164,8.0,,8.0,>=9,865372
998,38,User_38,Movie_998,9.0,,9.0,>=9,264999
852,270,User_270,Movie_852,8.0,,8.0,>=9,362530
519,156,User_156,Movie_519,9.0,,9.0,>=9,585369
283,74,User_74,Movie_283,7.0,,7.0,>=9,565944
516,129,User_129,Movie_516,9.0,,9.0,>=9,392164
656,83,User_83,Movie_656,8.0,,8.0,>=9,666966
612,21,User_21,Movie_612,5.0,,5.0,>=9,317767
163,458,User_458,Movie_163,7.0,,7.0,>=9,161394
885,538,User_538,Movie_885,7.0,,7.0,>=9,824305
658,381,User_381,Movie_658,5.0,,5.0,>=9,739665
63,439,User_439,Movie_63,4.0,,4.0,>=9,746004
90,20,User_20,Movie_90,9.0,,9.0,>=9,287486
116,302,User_302,Movie_116,5.0,,5.0,>=9,680206
865,83,User_83,Movie_865,9.0,,9.0,>=9,584497
266,452,User_452,Movie_266,8.0,,8.0,>=9,342556
821,386,User_386,Movie_821,7.0,,7.0,>=9,477784
684,506,User_506,Movie_684,10.0,,10.0,>=9,784815
558,256,User_256,Movie_558,9.0,,9.0,>=9,466590
139,569,User_569,Movie_139,8.0,,8.0,>=9,269807
245,526,User_526,Movie_245,8.0,,8.0,>=9,194702
660,161,User_161,Movie_660,7.0,,7.0,>=9,205509
757,162,User_162,Movie_757,9.0,,9.0,>=9,455752
394,523,User_523,Movie_394,8.0,,8.0,>=9,214310
486,270,User_270,Movie_486,10.0,,10.0,>=9,932234
475,491,User_491,Movie_475,8.0,,8.0,>=9,823380
516,207,User_207,Movie_516,8.0,,8.0,>=9,658910
976,538,User_538,Movie_976,1.0,,1.0,>=9,209935
183,583,User_583,Movie_183,8.0,,8.0,>=9,360440
19,59,User_59,Movie_19,10.0,,10.0,>=9,217919
936,429,User_429,Movie_936,9.0,,9.0,>=9,796314
557,308,User_308,Movie_557,8.0,,8.0,>=9,169519
523,519,User_519,Movie_523,9.0,,9.0,>=9,811475
581,590,User_590,Movie_581,8.0,,8.0,>=9,598204
528,26,User_26,Movie_528,8.0,,8.0,>=9,356587
882,561,User_561,Movie_882,7.0,,7.0,>=9,248112
146,198,User_198,Movie_146,5.0,,5.0,>=9,144772
665,386,User_386,Movie_665,8.0,,8.0,>=9,222431
303,348,User_348,Movie_303,7.0,,7.0,>=9,982522
619,535,User_535,Movie_619,3.0,,3.0,>=9,294904
747,377,User_377,Movie_747,10.0,,10.0,>=9,258988
819,557,User_557,Movie_819,8.0,,8.0,>=9,931303
863,526,User_526,Movie_863,10.0,,10.0,>=9,614743
581,152,User_152,Movie_581,8.0,,8.0,>=9,912804
694,205,User_205,Movie_694,9.0,,9.0,>=9,139080
761,454,User_454,Movie_761,8.0,,8.0,>=9,206242
227,272,User_272,Movie_227,7.0,,7.0,>=9,929154
101,235,User_235,Movie_101,8.0,,8.0,>=9,614080
586,520,User_520,Movie_586,6.0,,6.0,>=9,129048
416,500,User_500,Movie_416,9.0,,9.0,>=9,709493
957,116,User_116,Movie_957,8.0,,8.0,>=9,416855
215,385,User_385,Movie_215,2.0,,2.0,>=9,267403
406,343,User_343,Movie_406,9.0,,9.0,>=9,356392
398,583,User_583,Movie_398,7.0,,7.0,>=9,120968
922,394,User_394,Movie_922,7.0,,7.0,>=9,547185
714,63,User_63,Movie_714,8.0,,8.0,>=9,334417
703,71,User_71,Movie_703,10.0,,10.0,>=9,635580
760,273,User_273,Movie_760,9.0,,9.0,>=9,876230
498,319,User_319,Movie_498,2.0,,2.0,>=9,441603
753,337,User_337,Movie_753,3.0,,3.0,>=9,873292
464,365,User_365,Movie_464,8.0,,8.0,>=9,936624
690,494,User_494,Movie_690,8.0,,8.0,>=9,708481
948,165,User_165,Movie_948,6.0,,6.0,>=9,693453
973,543,User_543,Movie_973,10.0,,10.0,>=9,954082
730,10,User_10,Movie_730,9.0,,9.0,>=9,593197
81,300,User_300,Movie_81,7.0,,7.0,>=9,725686
603,101,User_101,Movie_603,8.0,,8.0,>=9,846470
946,424,User_424,Movie_946,7.0,,7.0,>=9,984317
686,391,User_391,Movie_686,10.0,,10.0,>=9,253329
750,213,User_213,Movie_750,2.0,,2.0,>=9,200588
771,87,User_87,Movie_771,7.0,,7.0,>=9,465500
902,552,User_552,Movie_902,9.0,,9.0,>=9,877110
364,400,User_400,Movie_364,7.0,,7.0,>=9,624186
162,587,User_587,Movie_162,9.0,,9.0,>=9,969941
47,45,User_45,Movie_47,9.0,,9.0,>=9,846633
510,462,User_462,Movie_510,9.0,,9.0,>=9,413816
328,591,User_591,Movie_328,9.0,,9.0,>=9,832943
839,309,User_309,Movie_839,10.0,,10.0,>=9,612552
115,85,User_85,Movie_115,6.0,,6.0,>=9,384257
940,91,User_91,Movie_940,8.0,,8.0,>=9,362838
848,241,User_241,Movie_848,7.0,,7.0,>=9,115588
336,1,User_1,Movie_336,3.0,,3.0,>=9,817116
880,224,User_224,Movie_880,10.0,,10.0,>=9,557301
736,588,User_588,Movie_736,8.0,,8.0,>=9,866719
863,115,User_115,Movie_863,9.0,,9.0,>=9,345456
839,102,User_102,Movie_839,2.0,,2.0,>=9,816502
146,193,User_193,Movie_146,9.0,,9.0,>=9,164373
574,165,User_165,Movie_574,7.0,,7.0,>=9,972035
805,89,User_89,Movie_805,7.0,,7.0,>=9,630992
322,121,User_121,Movie_322,7.0,,7.0,>=9,140136
442,142,User_142,Movie_442,8.0,,8.0,>=9,691795
836,105,User_105,Movie_836,7.0,,7.0,>=9,147361
12,427,User_427,Movie_12,2.0,,2.0,>=9,945279
942,304,User_304,Movie_942,6.0,,6.0,>=9,992791
493,316,User_316,Movie_493,10.0,,10.0,>=9,242513
700,8,User_8,Movie_700,10.0,,10.0,>=9,481050
286,72,User_72,Movie_286,8.0,,8.0,>=9,114677
719,358,User_358,Movie_719,3.0,,3.0,>=9,914250
113,222,User_222,Movie_113,8.0,,8.0,>=9,364012
479,415,User_415,Movie_479,6.0,,6.0,>=9,707879
21,552,User_552,Movie_21,9.0,,9.0,>=9,429408
348,369,User_369,Movie_348,9.0,,9.0,>=9,697456
725,263,User_263,Movie_725,7.0,,7.0,>=9,767403
682,317,User_317,Movie_682,7.0,,7.0,>=9,171939
834,83,User_83,Movie_834,3.0,,3.0,>=9,377876
565,317,User_317,Movie_565,3.0,,3.0,>=9,941676
905,110,User_110,Movie_905,9.0,,9.0,>=9,511742
809,250,User_250,Movie_809,4.0,,4.0,>=9,895772
319,382,User_382,Movie_319,9.0,,9.0,>=9,859848
125,6,User_6,Movie_125,6.0,,6.0,>=9,908826
276,458,User_458,Movie_276,9.0,,9.0,>=9,460701
975,83,User_83,Movie_975,8.0,,8.0,>=9,235174
203,207,User_207,Movie_203,8.0,,8.0,>=9,595062
193,389,User_389,Movie_193,9.0,,9.0,>=9,643447
680,313,User_313,Movie_680,9.0,,9.0,>=9,222366
663,21,User_21,Movie_663,8.0,,8.0,>=9,296164
546,409,User_409,Movie_546,10.0,,10.0,>=9,892644
695,514,User_514,Movie_695,8.0,,8.0,>=9,590576
285,126,User_126,Movie_285,9.0,,9.0,>=9,923837
56,13,User_13,Movie_56,8.0,,8.0,>=9,492776
733,11,User_11,Movie_733,10.0,,10.0,>=9,439205
302,86,User_86,Movie_302,10.0,,10.0,>=9,456440
162,523,User_523,Movie_162,5.0,,5.0,>=9,941618
18,536,User_536,Movie_18,6.0,,6.0,>=9,866164
369,300,User_300,Movie_369,10.0,,10.0,>=9,848353
263,242,User_242,Movie_263,4.0,,4.0,>=9,485289
793,121,User_121,Movie_793,9.0,,9.0,>=9,606767
112,146,User_146,Movie_112,9.0,,9.0,>=9,634820
487,566,User_566,Movie_487,7.0,,7.0,>=9,310126
326,355,User_355,Movie_326,3.0,,3.0,>=9,316351
541,308,User_308,Movie_541,9.0,,9.0,>=9,428684
646,287,User_287,Movie_646,10.0,,10.0,>=9,203021
578,306,User_306,Movie_578,7.0,,7.0,>=9,889703
64,593,User_593,Movie_64,10.0,,10.0,>=9,100209
291,548,User_548,Movie_291,6.0,,6.0,>=9,322071
24,351,User_351,Movie_24,7.0,,7.0,>=9,760899
548,311,User_311,Movie_548,8.0,,8.0,>=9,906409
0,58,User_58,Movie_0,4.0,,4.0,>=9,305214
910,34,User_34,Movie_910,8.0,,8.0,>=9,209920
548,444,User_444,Movie_548,9.0,,9.0,>=9,490300
140,92,User_92,Movie_140,2.0,,2.0,>=9,461732
743,206,User_206,Movie_743,6.0,,6.0,>=9,430828
647,352,User_352,Movie_647,10.0,,10.0,>=9,330144
900,331,User_331,Movie_900,6.0,,6.0,>=9,367751
187,158,User_158,Movie_187,2.0,,2.0,>=9,316194
127,23,User_23,Movie_127,3.0,,3.0,>=9,456930
200,403,User_403,Movie_200,7.0,,7.0,>=9,488550
126,515,User_515,Movie_126,4.0,,4.0,>=9,283011
256,363,User_363,Movie_256,6.0,,6.0,>=9,773954
675,381,User_381,Movie_675,2.0,,2.0,>=9,551598
546,531,User_531,Movie_546,1.0,,1.0,>=9,107399
193,151,User_151,Movie_193,8.0,,8.0,>=9,614242
702,561,User_561,Movie_702,10.0,,10.0,>=9,751100
103,419,User_419,Movie_103,9.0,,9.0,>=9,198662
534,249,User_249,Movie_534,9.0,,9.0,>=9,395761
264,116,User_116,Movie_264,6.0,,6.0,>=9,762858
801,511,User_511,Movie_801,8.0,,8.0,>=9,989258
941,577,User_577,Movie_941,2.0,,2.0,>=9,872592
973,334,User_334,Movie_973,8.0,,8.0,>=9,473221
383,417,User_417,Movie_383,8.0,,8.0,>=9,937056
259,294,User_294,Movie_259,5.0,,5.0,>=9,896060
413,370,User_370,Movie_413,4.0,,4.0,>=9,493545
990,185,User_185,Movie_990,6.0,,6.0,>=9,400763
357,245,User_245,Movie_357,2.0,,2.0,>=9,107032
74,267,User_267,Movie_74,9.0,,9.0,>=9,803454
354,236,User_236,Movie_354,3.0,,3.0,>=9,400178
583,529,User_529,Movie_583,8.0,,8.0,>=9,726946
770,551,User_551,Movie_770,9.0,,9.0,>=9,615882
909,20,User_20,Movie_909,8.0,,8.0,>=9,972590
187,519,User_519,Movie_187,7.0,,7.0,>=9,679552
972,99,User_99,Movie_972,9.0,,9.0,>=9,718408
684,477,User_477,Movie_684,7.0,,7.0,>=9,147850
991,598,User_598,Movie_991,10.0,,10.0,>=9,629010
289,297,User_297,Movie_289,3.0,,3.0,>=9,379916
44,525,User_525,Movie_44,9.0,,9.0,>=9,448249
572,333,User_333,Movie_572,7.0,,7.0,>=9,534895
82,1,User_1,Movie_82,10.0,,10.0,>=9,104576
122,374,User_374,Movie_122,8.0,,8.0,>=9,782067
357,292,User_292,Movie_357,4.0,,4.0,>=9,461548
527,552,User_552,Movie_527,2.0,,2.0,>=9,534848
65,317,User_317,Movie_65,6.0,,6.0,>=9,665764
935,501,User_501,Movie_935,9.0,,9.0,>=9,348292
656,380,User_380,Movie_656,5.0,,5.0,>=9,523501
374,13,User_13,Movie_374,7.0,,7.0,>=9,910586
161,503,User_503,Movie_161,3.0,,3.0,>=9,513270
745,230,User_230,Movie_745,9.0,,9.0,>=9,379309
379,83,User_83,Movie_379,4.0,,4.0,>=9,114439
655,129,User_129,Movie_655,9.0,,9.0,>=9,480355
357,144,User_144,Movie_357,10.0,,10.0,>=9,668806
187,27,User_27,Movie_187,1.0,,1.0,>=9,319123
321,65,User_65,Movie_321,8.0,,8.0,>=9,651250
449,162,User_162,Movie_449,8.0,,8.0,>=9,863445
473,228,User_228,Movie_473,9.0,,9.0,>=9,399907
12,260,User_260,Movie_12,7.0,,7.0,>=9,216189
183,448,User_448,Movie_183,8.0,,8.0,>=9,210290
110,423,User_423,Movie_110,8.0,,8.0,>=9,997246
926,459,User_459,Movie_926,6.0,,6.0,>=9,905896
507,300,User_300,Movie_507,8.0,,8.0,>=9,223980
289,302,User_302,Movie_289,10.0,,10.0,>=9,327021
294,286,User_286,Movie_294,10.0,,10.0,>=9,788630
450,394,User_394,Movie_450,6.0,,6.0,>=9,142299
903,9,User_9,Movie_903,6.0,,6.0,>=9,841165
214,269,User_269,Movie_214,7.0,,7.0,>=9,131541
973,591,User_591,Movie_973,10.0,,10.0,>=9,435689
631,360,User_360,Movie_631,7.0,,7.0,>=9,575759
893,256,User_256,Movie_893,9.0,,9.0,>=9,847358
566,132,User_132,Movie_566,7.0,,7.0,>=9,229188
26,275,User_275,Movie_26,9.0,,9.0,>=9,308150
629,512,User_512,Movie_629,8.0,,8.0,>=9,576186
732,312,User_312,Movie_732,9.0,,9.0,>=9,916197
230,575,User_575,Movie_230,7.0,,7.0,>=9,910201
564,283,User_283,Movie_564,9.0,,9.0,>=9,319073
806,120,User_120,Movie_806,7.0,,7.0,>=9,580620
320,106,User_106,Movie_320,3.0,,3.0,>=9,644444
912,203,User_203,Movie_912,9.0,,9.0,>=9,841196
232,164,User_164,Movie_232,10.0,,10.0,>=9,543697
669,304,User_304,Movie_669,7.0,,7.0,>=9,768795
436,496,User_496,Movie_436,10.0,,10.0,>=9,825010
780,555,User_555,Movie_780,8.0,,8.0,>=9,801696
532,155,User_155,Movie_532,7.0,,7.0,>=9,173631
402,366,User_366,Movie_402,3.0,,3.0,>=9,924341
52,250,User_250,Movie_52,8.0,,8.0,>=9,693775
786,333,User_333,Movie_786,3.0,,3.0,>=9,585825
312,510,User_510,Movie_312,7.0,,7.0,>=9,409799
280,292,User_292,Movie_280,9.0,,9.0,>=9,527557
725,19,User_19,Movie_725,9.0,,9.0,>=9,867023
30,281,User_281,Movie_30,7.0,,7.0,>=9,819542
336,0,User_0,Movie_336,8.0,,8.0,>=9,151786
182,118,User_118,Movie_182,9.0,,9.0,>=9,168304
22,34,User_34,Movie_22,10.0,,10.0,>=9,465750
543,197,User_197,Movie_543,1.0,,1.0,>=9,277586
445,484,User_484,Movie_445,4.0,,4.0,>=9,745226
73,58,User_58,Movie_73,8.0,,8.0,>=9,527195
9,160,User_160,Movie_9,10.0,,10.0,>=9,584103
483,205,User_205,Movie_483,8.0,,8.0,>=9,967413
455,11,User_11,Movie_455,8.0,,8.0,>=9,155107
565,489,User_489,Movie_565,9.0,,9.0,>=9,622058
563,275,User_275,Movie_563,8.0,,8.0,>=9,345191
659,241,User_241,Movie_659,8.0,,8.0,>=9,756520
159,215,User_215,Movie_159,8.0,,8.0,>=9,450041
881,250,User_250,Movie_881,2.0,,2.0,>=9,172577
13,125,User_125,Movie_13,9.0,,9.0,>=9,839663
177,216,User_216,Movie_177,4.0,,4.0,>=9,504062
411,305,User_305,Movie_411,9.0,,9.0,>=9,360933
877,184,User_184,Movie_877,8.0,,8.0,>=9,728468
52,38,User_38,Movie_52,8.0,,8.0,>=9,382068
407,222,User_222,Movie_407,8.0,,8.0,>=9,473337
846,183,User_183,Movie_846,8.0,,8.0,>=9,769242
21,494,User_494,Movie_21,7.0,,7.0,>=9,835634
29,426,User_426,Movie_29,9.0,,9.0,>=9,101095
702,177,User_177,Movie_702,8.0,,8.0,>=9,466349
259,427,User_427,Movie_259,8.0,,8.0,>=9,796343
204,293,User_293,Movie_204,7.0,,7.0,>=9,638411
58,150,User_150,Movie_58,7.0,,7.0,>=9,586884
470,383,User_383,Movie_470,10.0,,10.0,>=9,821975
775,307,User_307,Movie_775,8.0,,8.0,>=9,588409
465,335,User_335,Movie_465,7.0,,7.0,>=9,931710
11,374,User_374,Movie_11,4.0,,4.0,>=9,984343
630,7,User_7,Movie_630,8.0,,8.0,>=9,151999
926,340,User_340,Movie_926,8.0,,8.0,>=9,917585
973,128,User_128,Movie_973,6.0,,6.0,>=9,380488
289,351,User_351,Movie_289,8.0,,8.0,>=9,855137
849,357,User_357,Movie_849,8.0,,8.0,>=9,661944
759,516,User_516,Movie_759,8.0,,8.0,>=9,301587
353,494,User_494,Movie_353,8.0,,8.0,>=9,884875
638,85,User_85,Movie_638,3.0,,3.0,>=9,363356
74,174,User_174,Movie_74,8.0,,8.0,>=9,744673
872,192,User_192,Movie_872,10.0,,10.0,>=9,240073
715,310,User_310,Movie_715,8.0,,8.0,>=9,178784
560,118,User_118,Movie_560,4.0,,4.0,>=9,985155
590,217,User_217,Movie_590,7.0,,7.0,>=9,443288
440,426,User_426,Movie_440,7.0,,7.0,>=9,655656
990,413,User_413,Movie_990,8.0,,8.0,>=9,826179
240,113,User_113,Movie_240,4.0,,4.0,>=9,161160
860,144,User_144,Movie_860,3.0,,3.0,>=9,781214
153,537,User_537,Movie_153,9.0,,9.0,>=9,372859
785,302,User_302,Movie_785,4.0,,4.0,>=9,574917
95,587,User_587,Movie_95,2.0,,2.0,>=9,683072
725,344,User_344,Movie_725,7.0,,7.0,>=9,491337
293,0,User_0,Movie_293,9.0,,9.0,>=9,461788
208,146,User_146,Movie_208,6.0,,6.0,>=9,126797
342,286,User_286,Movie_342,3.0,,3.0,>=9,409717
87,52,User_52,Movie_87,8.0,,8.0,>=9,962552
817,303,User_303,Movie_817,4.0,,4.0,>=9,639068
775,68,User_68,Movie_775,9.0,,9.0,>=9,662193
936,360,User_360,Movie_936,8.0,,8.0,>=9,740337
389,219,User_219,Movie_389,8.0,,8.0,>=9,753939
324,574,User_574,Movie_324,7.0,,7.0,>=9,657647
939,584,User_584,Movie_939,3.0,,3.0,>=9,428206
888,160,User_160,Movie_888,3.0,,3.0,>=9,697679
831,88,User_88,Movie_831,3.0,,3.0,>=9,405607
156,584,User_584,Movie_156,9.0,,9.0,>=9,199596
667,588,User_588,Movie_667,6.0,,6.0,>=9,871702
650,158,User_158,Movie_650,10.0,,10.0,>=9,981450
632,488,User_488,Movie_632,7.0,,7.0,>=9,903003
576,323,User_323,Movie_576,10.0,,10.0,>=9,774502
618,380,User_380,Movie_618,8.0,,8.0,>=9,911536
658,101,User_101,Movie_658,9.0,,9.0,>=9,108625
136,493,User_493,Movie_136,4.0,,4.0,>=9,401343
922,18,User_18,Movie_922,8.0,,8.0,>=9,482869
673,453,User_453,Movie_673,10.0,,10.0,>=9,509142
427,481,User_481,Movie_427,7.0,,7.0,>=9,393362
451,593,User_593,Movie_451,7.0,,7.0,>=9,799832
611,396,User_396,Movie_611,8.0,,8.0,>=9,454060
849,278,User_278,Movie_849,5.0,,5.0,>=9,223182
910,364,User_364,Movie_910,3.0,,3.0,>=9,644854
818,330,User_330,Movie_818,4.0,,4.0,>=9,133205
140,343,User_343,Movie_140,5.0,,5.0,>=9,209084
82,454,User_454,Movie_82,6.0,,6.0,>=9,129717
176,64,User_64,Movie_176,7.0,,7.0,>=9,805344
197,75,User_75,Movie_197,10.0,,10.0,>=9,993724
623,142,User_142,Movie_623,10.0,,10.0,>=9,783524
567,472,User_472,Movie_567,8.0,,8.0,>=9,400706
971,416,User_416,Movie_971,10.0,,10.0,>=9,562326
690,304,User_304,Movie_690,8.0,,8.0,>=9,120169
420,496,User_496,Movie_420,7.0,,7.0,>=9,908036
400,290,User_290,Movie_400,9.0,,9.0,>=9,451814
697,101,User_101,Movie_697,9.0,,9.0,>=9,476749
470,266,User_266,Movie_470,10.0,,10.0,>=9,450882
217,2,User_2,Movie_217,7.0,,7.0,>=9,493900
924,84,User_84,Movie_924,9.0,,9.0,>=9,752428
928,327,User_327,Movie_928,6.0,,6.0,>=9,202537
827,449,User_449,Movie_827,7.0,,7.0,>=9,870625
986,453,User_453,Movie_986,6.0,,6.0,>=9,735589
728,220,User_220,Movie_728,1.0,,1.0,>=9,370151
631,153,User_153,Movie_631,10.0,,10.0,>=9,331704
950,11,User_11,Movie_950,9.0,,9.0,>=9,217419
905,132,User_132,Movie_905,9.0,,9.0,>=9,403931
174,303,User_303,Movie_174,8.0,,8.0,>=9,936014
22,292,User_292,Movie_22,2.0,,2.0,>=9,830151
724,299,User_299,Movie_724,8.0,,8.0,>=9,853158
916,42,User_42,Movie_916,7.0,,7.0,>=9,970061
234,342,User_342,Movie_234,7.0,,7.0,>=9,892214
12,325,User_325,Movie_12,8.0,,8.0,>=9,691058
100,497,User_497,Movie_100,9.0,,9.0,>=9,681933
928,363,User_363,Movie_928,8.0,,8.0,>=9,727797
535,426,User_426,Movie_535,6.0,,6.0,>=9,330796
875,20,User_20,Movie_875,6.0,,6.0,>=9,915636
522,406,User_406,Movie_522,7.0,,7.0,>=9,641440
784,335,User_335,Movie_784,8.0,,8.0,>=9,624154
451,116,User_116,Movie_451,10.0,,10.0,>=9,548402
430,123,User_123,Movie_430,9.0,,9.0,>=9,863260
792,398,User_398,Movie_792,9.0,,9.0,>=9,452699
605,50,User_50,Movie_605,8.0,,8.0,>=9,316096
712,323,User_323,Movie_712,8.0,,8.0,>=9,858019
532,140,User_140,Movie_532,4.0,,4.0,>=9,381833
851,469,User_469,Movie_851,7.0,,7.0,>=9,806050
978,333,User_333,Movie_978,10.0,,10.0,>=9,587258
722,372,User_372,Movie_722,9.0,,9.0,>=9,445395
651,563,User_563,Movie_651,7.0,,7.0,>=9,288392
292,493,User_493,Movie_292,8.0,,8.0,>=9,811451
809,538,User_538,Movie_809,8.0,,8.0,>=9,468709
912,155,User_155,Movie_912,9.0,,9.0,>=9,572517
100,290,User_290,Movie_100,4.0,,4.0,>=9,138712
501,143,User_143,Movie_501,10.0,,10.0,>=9,881675
303,105,User_105,Movie_303,8.0,,8.0,>=9,336502
870,419,User_419,Movie_870,5.0,,5.0,>=9,296349
539,1,User_1,Movie_539,8.0,,8.0,>=9,411776
552,588,User_588,Movie_552,3.0,,3.0,>=9,644766
354,89,User_89,Movie_354,6.0,,6.0,>=9,122551
302,344,User_344,Movie_302,1.0,,1.0,>=9,148068
495,349,User_349,Movie_495,6.0,,6.0,>=9,193608
657,458,User_458,Movie_657,7.0,,7.0,>=9,659849
767,262,User_262,Movie_767,3.0,,3.0,>=9,233964
973,350,User_350,Movie_973,6.0,,6.0,>=9,386539
226,107,User_107,Movie_226,9.0,,9.0,>=9,643044
235,585,User_585,Movie_235,9.0,,9.0,>=9,347652
872,38,User_38,Movie_872,7.0,,7.0,>=9,351227
891,158,User_158,Movie_891,9.0,,9.0,>=9,428477
454,582,User_582,Movie_454,7.0,,7.0,>=9,566961
12,311,User_311,Movie_12,8.0,,8.0,>=9,599755
209,240,User_240,Movie_209,7.0,,7.0,>=9,804666
740,444,User_444,Movie_740,8.0,,8.0,>=9,776706
396,297,User_297,Movie_396,7.0,,7.0,>=9,999993
99,35,User_35,Movie_99,8.0,,8.0,>=9,914456
30,83,User_83,Movie_30,8.0,,8.0,>=9,850310
897,451,User_451,Movie_897,10.0,,10.0,>=9,611984
527,384,User_384,Movie_527,6.0,,6.0,>=9,534034
648,171,User_171,Movie_648,7.0,,7.0,>=9,630235
328,375,User_375,Movie_328,6.0,,6.0,>=9,579456
165,361,User_361,Movie_165,9.0,,9.0,>=9,227192
458,558,User_558,Movie_458,2.0,,2.0,>=9,881879
821,140,User_140,Movie_821,6.0,,6.0,>=9,980670
951,117,User_117,Movie_951,9.0,,9.0,>=9,429572
981,276,User_276,Movie_981,8.0,,8.0,>=9,425499
992,219,User_219,Movie_992,2.0,,2.0,>=9,551457
99,25,User_25,Movie_99,4.0,,4.0,>=9,562176
620,520,User_520,Movie_620,8.0,,8.0,>=9,882780
854,9,User_9,Movie_854,8.0,,8.0,>=9,338826
172,377,User_377,Movie_172,1.0,,1.0,>=9,768778
748,583,User_583,Movie_748,7.0,,7.0,>=9,850782
161,151,User_151,Movie_161,7.0,,7.0,>=9,855679
904,48,User_48,Movie_904,8.0,,8.0,>=9,581809
727,153,User_153,Movie_727,8.0,,8.0,>=9,286256
775,292,User_292,Movie_775,4.0,,4.0,>=9,869606
262,579,User_579,Movie_262,3.0,,3.0,>=9,272905
803,49,User_49,Movie_803,7.0,,7.0,>=9,493781
273,530,User_530,Movie_273,7.0,,7.0,>=9,118402
2,59,User_59,Movie_2,3.0,,3.0,>=9,273917
27,166,User_166,Movie_27,10.0,,10.0,>=9,700139
325,201,User_201,Movie_325,6.0,,6.0,>=9,112834
939,145,User_145,Movie_939,1.0,,1.0,>=9,692138
148,438,User_438,Movie_148,9.0,,9.0,>=9,137180
539,241,User_241,Movie_539,9.0,,9.0,>=9,497099
487,580,User_580,Movie_487,7.0,,7.0,>=9,733976
821,560,User_560,Movie_821,3.0,,3.0,>=9,306659
437,482,User_482,Movie_437,7.0,,7.0,>=9,468664
64,107,User_107,Movie_64,7.0,,7.0,>=9,898127
355,225,User_225,Movie_355,9.0,,9.0,>=9,227135
532,431,User_431,Movie_532,9.0,,9.0,>=9,254195
251,418,User_418,Movie_251,9.0,,9.0,>=9,682769
234,454,User_454,Movie_234,10.0,,10.0,>=9,697726
226,159,User_159,Movie_226,9.0,,9.0,>=9,735779
524,522,User_522,Movie_524,7.0,,7.0,>=9,622741
312,589,User_589,Movie_312,1.0,,1.0,>=9,510789
48,76,User_76,Movie_48,7.0,,7.0,>=9,746132
117,508,User_508,Movie_117,5.0,,5.0,>=9,457054
53,440,User_440,Movie_53,9.0,,9.0,>=9,156494
649,253,User_253,Movie_649,4.0,,4.0,>=9,505504
564,319,User_319,Movie_564,7.0,,7.0,>=9,933410
43,262,User_262,Movie_43,6.0,,6.0,>=9,479989
814,596,User_596,Movie_814,3.0,,3.0,>=9,831455
52,553,User_553,Movie_52,9.0,,9.0,>=9,154672
585,373,User_373,Movie_585,8.0,,8.0,>=9,686109
557,166,User_166,Movie_557,10.0,,10.0,>=9,970093
524,458,User_458,Movie_524,9.0,,9.0,>=9,169224
676,279,User_279,Movie_676,6.0,,6.0,>=9,975837
101,301,User_301,Movie_101,10.0,,10.0,>=9,334745
791,530,User_530,Movie_791,7.0,,7.0,>=9,154796
769,579,User_579,Movie_769,8.0,,8.0,>=9,537922
981,217,User_217,Movie_981,8.0,,8.0,>=9,752842
848,101,User_101,Movie_848,6.0,,6.0,>=9,485921
867,553,User_553,Movie_867,8.0,,8.0,>=9,366167
397,287,User_287,Movie_397,2.0,,2.0,>=9,869646
137,166,User_166,Movie_137,8.0,,8.0,>=9,837996
674,35,User_35,Movie_674,8.0,,8.0,>=9,267807
920,352,User_352,Movie_920,9.0,,9.0,>=9,959391
386,72,User_72,Movie_386,2.0,,2.0,>=9,663506
110,352,User_352,Movie_110,5.0,,5.0,>=9,594735
613,69,User_69,Movie_613,9.0,,9.0,>=9,615729
16,424,User_424,Movie_16,7.0,,7.0,>=9,329766
779,560,User_560,Movie_779,3.0,,3.0,>=9,914892
181,516,User_516,Movie_181,2.0,,2.0,>=9,951112
883,427,User_427,Movie_883,8.0,,8.0,>=9,131017
535,538,User_538,Movie_535,3.0,,3.0,>=9,454182
540,159,User_159,Movie_540,8.0,,8.0,>=9,643803
170,148,User_148,Movie_170,7.0,,7.0,>=9,523207
408,229,User_229,Movie_408,9.0,,9.0,>=9,500850
739,561,User_561,Movie_739,9.0,,9.0,>=9,308106
377,66,User_66,Movie_377,7.0,,7.0,>=9,919433
187,380,User_380,Movie_187,8.0,,8.0,>=9,625679
857,57,User_57,Movie_857,7.0,,7.0,>=9,820566
229,258,User_258,Movie_229,5.0,,5.0,>=9,733676
832,341,User_341,Movie_832,1.0,,1.0,>=9,404359
851,129,User_129,Movie_851,9.0,,9.0,>=9,704008
118,171,User_171,Movie_118,2.0,,2.0,>=9,389258
155,208,User_208,Movie_155,5.0,,5.0,>=9,767242
783,353,User_353,Movie_783,7.0,,7.0,>=9,999574
686,470,User_470,Movie_686,10.0,,10.0,>=9,772633
464,115,User_115,Movie_464,9.0,,9.0,>=9,468350
103,263,User_263,Movie_103,2.0,,2.0,>=9,669935
603,441,User_441,Movie_603,8.0,,8.0,>=9,575881
697,547,User_547,Movie_697,8.0,,8.0,>=9,820252
971,452,User_452,Movie_971,10.0,,10.0,>=9,666967
794,476,User_476,Movie_794,8.0,,8.0,>=9,362571
501,286,User_286,Movie_501,7.0,,7.0,>=9,852312
692,302,User_302,Movie_692,8.0,,8.0,>=9,690555
681,310,User_310,Movie_681,9.0,,9.0,>=9,100799
698,207,User_207,Movie_698,2.0,,2.0,>=9,417803
174,445,User_445,Movie_174,3.0,,3.0,>=9,587625
733,54,User_54,Movie_733,9.0,,9.0,>=9,631313
744,11,User_11,Movie_744,5.0,,5.0,>=9,638769
673,399,User_399,Movie_673,9.0,,9.0,>=9,387555
420,514,User_514,Movie_420,10.0,,10.0,>=9,852254
133,541,User_541,Movie_133,10.0,,10.0,>=9,730216
390,236,User_236,Movie_390,3.0,,3.0,>=9,747302
991,278,User_278,Movie_991,5.0,,5.0,>=9,508177
735,347,User_347,Movie_735,10.0,,10.0,>=9,514983
500,103,User_103,Movie_500,4.0,,4.0,>=9,614111
664,516,User_516,Movie_664,6.0,,6.0,>=9,151690
32,247,User_247,Movie_32,8.0,,8.0,>=9,677158
54,363,User_363,Movie_54,9.0,,9.0,>=9,791495
953,320,User_320,Movie_953,9.0,,9.0,>=9,186928
518,285,User_285,Movie_518,9.0,,9.0,>=9,621921
755,148,User_148,Movie_755,1.0,,1.0,>=9,834158
824,83,User_83,Movie_824,7.0,,7.0,>=9,695053
637,405,User_405,Movie_637,9.0,,9.0,>=9,385916
11,455,User_455,Movie_11,9.0,,9.0,>=9,905231
527,160,User_160,Movie_527,6.0,,6.0,>=9,474195
719,459,User_459,Movie_719,5.0,,5.0,>=9,754229
554,549,User_549,Movie_554,8.0,,8.0,>=9,123555
372,499,User_499,Movie_372,7.0,,7.0,>=9,978584
483,508,User_508,Movie_483,3.0,,3.0,>=9,489363
972,480,User_480,Movie_972,8.0,,8.0,>=9,497477
646,113,User_113,Movie_646,6.0,,6.0,>=9,481977
227,577,User_577,Movie_227,8.0,,8.0,>=9,955434
622,360,User_360,Movie_622,8.0,,8.0,>=9,408697
306,340,User_340,Movie_306,9.0,,9.0,>=9,365232
456,448,User_448,Movie_456,9.0,,9.0,>=9,670071
159,179,User_179,Movie_159,2.0,,2.0,>=9,625403
330,406,User_406,Movie_330,3.0,,3.0,>=9,823486
775,195,User_195,Movie_775,9.0,,9.0,>=9,172908
224,465,User_465,Movie_224,7.0,,7.0,>=9,693397
982,310,User_310,Movie_982,3.0,,3.0,>=9,889410
728,261,User_261,Movie_728,7.0,,7.0,>=9,471087
503,418,User_418,Movie_503,10.0,,10.0,>=9,109422
455,405,User_405,Movie_455,7.0,,7.0,>=9,274698
44,142,User_142,Movie_44,1.0,,1.0,>=9,713521
213,341,User_341,Movie_213,10.0,,10.0,>=9,942606
58,315,User_315,Movie_58,9.0,,9.0,>=9,589572
643,100,User_100,Movie_643,8.0,,8.0,>=9,137743
615,243,User_243,Movie_615,1.0,,1.0,>=9,825821
194,489,User_489,Movie_194,10.0,,10.0,>=9,550415
924,11,User_11,Movie_924,3.0,,3.0,>=9,492432
488,238,User_238,Movie_488,6.0,,6.0,>=9,753288
156,560,User_560,Movie_156,8.0,,8.0,>=9,484922
609,41,User_41,Movie_609,1.0,,1.0,>=9,653718
225,593,User_593,Movie_225,8.0,,8.0,>=9,128834
411,428,User_428,Movie_411,4.0,,4.0,>=9,648723
204,157,User_157,Movie_204,10.0,,10.0,>=9,187212
78,215,User_215,Movie_78,6.0,,6.0,>=9,680085
123,461,User_461,Movie_123,8.0,,8.0,>=9,536770
470,133,User_133,Movie_470,8.0,,8.0,>=9,678843
939,66,User_66,Movie_939,9.0,,9.0,>=9,185350
217,6,User_6,Movie_217,7.0,,7.0,>=9,114716
515,525,User_525,Movie_515,3.0,,3.0,>=9,160261
601,72,User_72,Movie_601,8.0,,8.0,>=9,888427
103,398,User_398,Movie_103,9.0,,9.0,>=9,646702
392,404,User_404,Movie_392,7.0,,7.0,>=9,769204
630,577,User_577,Movie_630,9.0,,9.0,>=9,792019
644,129,User_129,Movie_644,8.0,,8.0,>=9,115522
823,465,User_465,Movie_823,5.0,,5.0,>=9,598665
607,205,User_205,Movie_607,9.0,,9.0,>=9,491776
979,265,User_265,Movie_979,9.0,,9.0,>=9,960466
433,536,User_536,Movie_433,7.0,,7.0,>=9,928754
330,252,User_252,Movie_330,2.0,,2.0,>=9,429782
142,288,User_288,Movie_142,8.0,,8.0,>=9,987766
799,163,User_163,Movie_799,10.0,,10.0,>=9,763884
539,94,User_94,Movie_539,8.0,,8.0,>=9,655134
277,109,User_109,Movie_277,10.0,,10.0,>=9,960075
232,335,User_335,Movie_232,8.0,,8.0,>=9,739218
528,237,User_237,Movie_528,7.0,,7.0,>=9,386543
570,380,User_380,Movie_570,2.0,,2.0,>=9,830520
89,435,User_435,Movie_89,8.0,,8.0,>=9,323734
491,482,User_482,Movie_491,2.0,,2.0,>=9,844027
198,24,User_24,Movie_198,10.0,,10.0,>=9,223182
361,116,User_116,Movie_361,8.0,,8.0,>=9,148591
440,481,User_481,Movie_440,10.0,,10.0,>=9,251786
25,391,User_391,Movie_25,10.0,,10.0,>=9,398021
24,536,User_536,Movie_24,8.0,,8.0,>=9,184106
393,78,User_78,Movie_393,6.0,,6.0,>=9,702306
506,579,User_579,Movie_506,9.0,,9.0,>=9,461998
300,172,User_172,Movie_300,8.0,,8.0,>=9,264486
338,11,User_11,Movie_338,2.0,,2.0,>=9,745120
266,127,User_127,Movie_266,9.0,,9.0,>=9,710864
460,91,User_91,Movie_460,2.0,,2.0,>=9,834303
692,542,User_542,Movie_692,8.0,,8.0,>=9,878952
455,531,User_531,Movie_455,8.0,,8.0,>=9,800828
359,446,User_446,Movie_359,9.0,,9.0,>=9,835062
67,389,User_389,Movie_67,8.0,,8.0,>=9,827468
862,42,User_42,Movie_862,8.0,,8.0,>=9,192508
411,253,User_253,Movie_411,8.0,,8.0,>=9,408979
970,129,User_129,Movie_970,4.0,,4.0,>=9,818693
490,59,User_59,Movie_490,5.0,,5.0,>=9,666752
832,466,User_466,Movie_832,8.0,,8.0,>=9,998886
48,286,User_286,Movie_48,8.0,,8.0,>=9,778283
686,516,User_516,Movie_686,9.0,,9.0,>=9,216062
563,466,User_466,Movie_563,8.0,,8.0,>=9,953877
101,344,User_344,Movie_101,8.0,,8.0,>=9,472598
215,381,User_381,Movie_215,5.0,,5.0,>=9,722672
437,252,User_252,Movie_437,4.0,,4.0,>=9,822979
699,55,User_55,Movie_699,7.0,,7.0,>=9,801506
568,462,User_462,Movie_568,7.0,,7.0,>=9,422176
558,456,User_456,Movie_558,10.0,,10.0,>=9,475665
158,82,User_82,Movie_158,9.0,,9.0,>=9,641428
488,98,User_98,Movie_488,8.0,,8.0,>=9,364814
685,148,User_148,Movie_685,9.0,,9.0,>=9,398663
241,328,User_328,Movie_241,6.0,,6.0,>=9,668800
793,155,User_155,Movie_793,9.0,,9.0,>=9,203565
752,189,User_189,Movie_752,2.0,,2.0,>=9,770051
881,493,User_493,Movie_881,8.0,,8.0,>=9,991588
4,262,User_262,Movie_4,8.0,,8.0,>=9,789622
595,79,User_79,Movie_595,8.0,,8.0,>=9,285964
819,399,User_399,Movie_819,6.0,,6.0,>=9,649883
360,259,User_259,Movie_360,7.0,,7.0,>=9,288279
458,551,User_551,Movie_458,5.0,,5.0,>=9,346661
247,100,User_100,Movie_247,10.0,,10.0,>=9,264512
565,358,User_358,Movie_565,8.0,,8.0,>=9,370774
672,379,User_379,Movie_672,8.0,,8.0,>=9,524466
945,220,User_220,Movie_945,6.0,,6.0,>=9,360300
421,419,User_419,Movie_421,3.0,,3.0,>=9,339644
922,123,User_123,Movie_922,2.0,,2.0,>=9,854108
737,421,User_421,Movie_737,6.0,,6.0,>=9,993893
14,230,User_230,Movie_14,9.0,,9.0,>=9,832878
735,62,User_62,Movie_735,8.0,,8.0,>=9,174191
572,484,User_484,Movie_572,5.0,,5.0,>=9,200591
121,573,User_573,Movie_121,8.0,,8.0,>=9,688041
276,482,User_482,Movie_276,4.0,,4.0,>=9,603477
557,518,User_518,Movie_557,7.0,,7.0,>=9,684808
452,154,User_154,Movie_452,9.0,,9.0,>=9,366152
389,91,User_91,Movie_389,7.0,,7.0,>=9,537680
293,525,User_525,Movie_293,2.0,,2.0,>=9,469552
573,454,User_454,Movie_573,3.0,,3.0,>=9,362640
597,597,User_597,Movie_597,7.0,,7.0,>=9,461911
445,509,User_509,Movie_445,8.0,,8.0,>=9,385356
209,182,User_182,Movie_209,7.0,,7.0,>=9,907069
589,385,User_385,Movie_589,7.0,,7.0,>=9,931659
713,573,User_573,Movie_713,9.0,,9.0,>=9,575629
301,404,User_404,Movie_301,9.0,,9.0,>=9,220118
908,245,User_245,Movie_908,2.0,,2.0,>=9,838706
222,590,User_590,Movie_222,9.0,,9.0,>=9,372028
733,470,User_470,Movie_733,4.0,,4.0,>=9,216481
2,422,User_422,Movie_2,8.0,,8.0,>=9,168259
